PuzzleType,TimeToSolve,ExperienceRating
Word,10.88,Neutral
Word,11.54,Fun
Word,15.12,Neutral
Word,12.14,Neutral
Word,12.26,Fun
Word,15.43,Neutral
Word,12.92,Neutral
Word,9.47,Fun
Word,10.63,Neutral
Word,11.11,Neutral
Word,14.45,Neutral
Word,12.72,Neutral
Word,12.80,Neutral
Word,12.22,Fun
Word,10.89,Fun
Word,15.57,Neutral
Word,13.00,Neutral
Word,8.07,Fun
Word,13.40,Neutral
Word,11.05,Neutral
Word,9.86,Fun
Word,11.56,Neutral
Word,9.95,Fun
Word,10.54,Fun
Word,10.75,Neutral
Word,8.63,Fun
Word,13.68,Neutral
Word,12.31,Neutral
Word,9.72,Fun
Word,14.51,Neutral
Word,12.85,Neutral
Word,11.41,Neutral
Word,13.79,Fun
Word,13.76,Neutral
Word,13.64,Neutral
Word,13.38,Neutral
Word,13.11,Neutral
Word,11.88,Neutral
Word,11.39,Neutral
Word,11.24,Neutral
Word,10.61,Fun
Word,11.58,Neutral
Word,9.47,Fun
Word,16.34,Neutral
Word,14.42,Neutral
Word,9.75,Neutral
Word,11.19,Fun
Word,11.07,Fun
Word,13.56,Neutral
Word,11.83,Neutral
Word,12.51,Neutral
Word,11.94,Neutral
Word,11.91,Neutral
Word,14.74,Neutral
Word,11.55,Neutral
Word,15.03,Frustrating
Word,8.90,Fun
Word,13.17,Neutral
Word,12.25,Fun
Word,12.43,Neutral
Word,12.76,Neutral
Word,11.00,Neutral
Word,11.33,Fun
Word,9.96,Fun
Word,9.86,Neutral
Word,12.61,Neutral
Word,12.90,Neutral
Word,12.11,Neutral
Word,13.84,Neutral
Word,16.10,Frustrating
Word,11.02,Fun
Word,7.38,Fun
Word,14.01,Neutral
Word,10.58,Fun
Word,10.62,Fun
Word,14.05,Frustrating
Word,11.43,Neutral
Word,9.56,Fun
Word,12.36,Fun
Word,11.72,Neutral
Word,12.01,Neutral
Word,12.77,Fun
Word,11.26,Fun
Word,13.29,Fun
Word,11.56,Neutral
Word,12.66,Fun
Word,14.19,Frustrating
Word,12.87,Fun
Word,11.35,Fun
Word,14.30,Neutral
Word,13.99,Neutral
Word,13.10,Neutral
Word,12.48,Neutral
Word,10.74,Fun
Word,14.72,Neutral
Word,10.80,Fun
Word,16.37,Frustrating
Word,15.07,Neutral
Word,11.53,Neutral
Word,9.95,Fun
Word,10.58,Neutral
Word,12.51,Neutral
Word,11.51,Neutral
Word,11.30,Neutral
Word,10.10,Neutral
Word,11.91,Neutral
Word,10.43,Frustrating
Word,8.66,Fun
Word,11.24,Neutral
Word,13.84,Neutral
Word,10.85,Fun
Word,13.22,Neutral
Word,8.76,Fun
Word,11.89,Neutral
Word,13.04,Neutral
Word,12.60,Fun
Word,12.21,Neutral
Word,10.72,Fun
Word,10.30,Neutral
Word,9.95,Neutral
Word,12.24,Frustrating
Word,10.11,Neutral
Word,11.02,Neutral
Word,11.49,Neutral
Word,15.69,Frustrating
Word,10.70,Fun
Word,12.47,Neutral
Word,12.16,Neutral
Word,10.08,Neutral
Word,11.86,Neutral
Word,14.89,Neutral
Word,12.90,Neutral
Word,12.08,Neutral
Word,11.16,Neutral
Word,7.89,Fun
Word,14.26,Frustrating
Word,9.08,Fun
Word,13.48,Neutral
Word,15.82,Neutral
Word,9.11,Fun
Word,13.40,Fun
Word,11.48,Neutral
Word,8.86,Fun
Word,8.97,Fun
Word,8.80,Fun
Word,10.94,Neutral
Word,9.08,Fun
Word,13.38,Neutral
Word,16.20,Neutral
Word,9.43,Neutral
Word,13.58,Frustrating
Word,13.54,Frustrating
Word,12.66,Neutral
Word,9.98,Fun
Word,11.76,Fun
Word,11.44,Fun
Word,13.13,Frustrating
Word,11.26,Neutral
Word,13.95,Fun
Word,11.25,Fun
Word,14.11,Fun
Word,9.90,Fun
Word,9.48,Frustrating
Word,18.48,Neutral
Word,11.17,Fun
Word,12.60,Neutral
Word,13.27,Neutral
Word,11.03,Neutral
Word,13.03,Neutral
Word,12.74,Neutral
Word,11.57,Neutral
Word,12.13,Neutral
Word,11.93,Neutral
Word,16.26,Neutral
Word,10.52,Fun
Word,9.81,Fun
Word,12.08,Fun
Word,12.62,Frustrating
Word,12.87,Neutral
Word,11.08,Neutral
Word,9.87,Fun
Word,14.53,Neutral
Word,11.30,Neutral
Word,10.27,Neutral
Word,11.53,Fun
Word,11.61,Neutral
Word,14.22,Frustrating
Word,12.17,Fun
Word,13.51,Fun
Word,11.00,Neutral
Word,12.43,Fun
Word,11.35,Neutral
Word,12.19,Neutral
Word,10.21,Neutral
Word,9.38,Fun
Word,15.99,Neutral
Word,13.20,Neutral
Word,9.50,Fun
Word,10.78,Fun
Word,9.63,Fun
Word,16.40,Neutral
Word,14.62,Neutral
Word,11.47,Neutral
Word,13.09,Neutral
Word,11.17,Neutral
Word,11.05,Fun
Word,10.42,Fun
Word,10.81,Neutral
Word,15.30,Frustrating
Word,11.89,Neutral
Word,12.24,Neutral
Word,12.49,Fun
Word,14.46,Neutral
Word,10.97,Neutral
Word,10.01,Fun
Word,15.35,Frustrating
Word,11.12,Fun
Word,10.55,Neutral
Word,9.53,Fun
Word,9.43,Fun
Word,10.85,Fun
Word,13.24,Neutral
Word,14.22,Frustrating
Word,13.42,Neutral
Word,11.27,Neutral
Word,12.12,Neutral
Word,10.59,Fun
Word,10.57,Fun
Word,13.77,Neutral
Word,9.97,Neutral
Word,15.91,Neutral
Word,11.82,Neutral
Word,12.43,Neutral
Word,10.52,Neutral
Word,10.85,Fun
Word,9.37,Fun
Word,11.63,Fun
Word,12.84,Neutral
Word,12.65,Fun
Word,10.44,Neutral
Word,10.42,Fun
Word,11.00,Fun
Word,14.99,Neutral
Word,9.73,Fun
Word,11.64,Fun
Word,15.80,Neutral
Word,11.80,Neutral
Word,9.28,Fun
Word,10.67,Fun
Word,12.97,Neutral
Word,11.25,Neutral
Word,10.88,Neutral
Word,11.31,Neutral
Word,12.18,Fun
Word,15.20,Frustrating
Word,11.82,Fun
Word,14.16,Frustrating
Word,13.26,Fun
Word,11.77,Fun
Word,8.93,Fun
Word,10.96,Neutral
Word,11.02,Fun
Word,12.09,Neutral
Word,14.60,Neutral
Word,16.59,Frustrating
Word,15.10,Neutral
Word,11.73,Neutral
Word,8.49,Fun
Word,11.22,Fun
Word,12.18,Frustrating
Word,13.69,Neutral
Word,13.93,Neutral
Word,13.37,Neutral
Word,9.21,Fun
Word,13.70,Neutral
Word,11.11,Fun
Word,12.35,Fun
Word,12.15,Fun
Word,12.86,Neutral
Word,12.05,Fun
Word,8.67,Fun
Word,13.47,Fun
Word,12.77,Neutral
Word,11.47,Neutral
Word,12.24,Neutral
Word,12.27,Neutral
Word,12.44,Neutral
Word,15.28,Neutral
Word,11.56,Fun
Word,12.34,Neutral
Word,14.34,Fun
Word,14.11,Neutral
Word,14.29,Neutral
Word,10.85,Fun
Word,16.00,Frustrating
Word,12.13,Neutral
Word,15.73,Neutral
Word,9.30,Fun
Word,12.04,Fun
Word,14.50,Neutral
Word,10.57,Fun
Word,10.49,Neutral
Word,10.12,Neutral
Word,9.89,Neutral
Word,11.13,Fun
Word,12.66,Neutral
Word,7.97,Fun
Word,12.42,Fun
Word,14.47,Neutral
Word,16.08,Neutral
Word,14.60,Neutral
Word,13.51,Neutral
Word,8.55,Fun
Word,10.80,Neutral
Word,11.30,Fun
Word,13.41,Neutral
Word,11.79,Neutral
Word,9.48,Fun
Word,15.37,Neutral
Word,13.82,Frustrating
Word,12.47,Neutral
Word,14.44,Neutral
Word,9.32,Neutral
Word,13.32,Neutral
Word,10.95,Neutral
Word,13.37,Neutral
Word,11.88,Fun
Word,13.27,Frustrating
Word,14.67,Neutral
Word,12.01,Neutral
Word,14.04,Neutral
Word,9.62,Fun
Word,10.56,Fun
Word,15.04,Neutral
Word,12.75,Fun
Word,7.90,Fun
Word,9.27,Neutral
Word,11.60,Neutral
Word,13.73,Neutral
Word,11.80,Neutral
Word,13.25,Neutral
Word,13.92,Neutral
Word,15.34,Neutral
Word,12.11,Neutral
Word,11.90,Neutral
Word,8.49,Fun
Word,12.20,Neutral
Word,10.86,Neutral
Word,10.05,Neutral
Word,11.64,Neutral
Word,14.03,Fun
Word,8.01,Fun
Word,11.15,Neutral
Word,12.23,Fun
Word,10.21,Fun
Word,12.67,Neutral
Word,12.82,Neutral
Word,11.93,Fun
Word,7.07,Fun
Word,17.14,Frustrating
Word,11.59,Neutral
Word,13.30,Neutral
Word,12.55,Neutral
Word,14.05,Neutral
Word,13.64,Frustrating
Word,11.58,Fun
Word,12.76,Neutral
Word,10.11,Neutral
Word,13.71,Neutral
Word,11.08,Neutral
Word,16.83,Neutral
Word,8.70,Fun
Word,11.07,Neutral
Word,13.65,Neutral
Word,13.02,Neutral
Word,10.82,Neutral
Word,10.01,Fun
Word,12.29,Fun
Word,11.97,Fun
Word,8.42,Fun
Word,12.07,Fun
Word,12.38,Neutral
Word,12.35,Frustrating
Word,9.89,Frustrating
Word,12.95,Neutral
Word,14.76,Neutral
Word,12.91,Neutral
Word,9.73,Fun
Word,11.13,Neutral
Word,12.69,Neutral
Word,10.71,Fun
Word,7.68,Fun
Word,13.77,Neutral
Word,10.34,Fun
Word,10.85,Neutral
Word,15.01,Neutral
Word,10.45,Fun
Word,13.69,Neutral
Word,9.48,Fun
Word,11.29,Neutral
Word,11.85,Neutral
Word,9.66,Fun
Word,10.73,Neutral
Word,11.94,Fun
Word,13.34,Neutral
Word,8.70,Neutral
Word,11.30,Neutral
Word,13.51,Neutral
Word,10.92,Neutral
Word,12.45,Neutral
Word,12.98,Neutral
Word,12.54,Fun
Word,13.31,Neutral
Word,11.75,Fun
Word,11.17,Fun
Word,6.71,Fun
Word,11.81,Fun
Word,12.86,Neutral
Word,13.07,Neutral
Word,10.89,Fun
Word,15.56,Neutral
Word,12.57,Neutral
Word,12.25,Neutral
Word,14.54,Neutral
Word,10.56,Fun
Word,11.10,Fun
Word,16.79,Neutral
Word,12.02,Neutral
Word,15.27,Neutral
Word,9.12,Fun
Word,11.62,Fun
Word,12.76,Neutral
Word,12.60,Neutral
Word,9.99,Neutral
Word,12.04,Neutral
Word,9.85,Fun
Word,13.43,Neutral
Word,14.17,Neutral
Word,7.55,Fun
Word,14.47,Neutral
Word,9.52,Fun
Word,12.91,Fun
Word,13.32,Neutral
Word,11.60,Neutral
Word,10.71,Neutral
Word,12.33,Fun
Word,12.88,Neutral
Word,13.77,Frustrating
Word,7.90,Fun
Word,8.73,Fun
Word,14.86,Neutral
Word,14.09,Neutral
Word,12.87,Fun
Word,13.43,Neutral
Word,13.83,Neutral
Word,6.68,Fun
Word,14.22,Neutral
Word,11.03,Fun
Word,12.46,Fun
Word,11.41,Fun
Word,13.74,Neutral
Word,11.30,Fun
Word,13.04,Neutral
Word,11.22,Fun
Word,9.81,Fun
Word,14.42,Neutral
Word,13.48,Neutral
Word,15.45,Frustrating
Word,12.13,Neutral
Word,14.25,Neutral
Word,15.95,Neutral
Word,11.44,Fun
Word,9.35,Fun
Word,11.52,Neutral
Word,11.57,Fun
Word,12.30,Neutral
Word,15.42,Neutral
Word,11.35,Fun
Word,12.75,Fun
Word,11.54,Neutral
Word,12.04,Neutral
Word,12.63,Neutral
Word,14.66,Neutral
Word,12.24,Neutral
Word,13.43,Neutral
Word,13.56,Fun
Word,13.83,Neutral
Word,10.85,Fun
Word,15.25,Neutral
Word,11.24,Neutral
Word,11.79,Fun
Word,14.81,Fun
Word,14.59,Frustrating
Word,9.82,Fun
Word,10.25,Fun
Word,9.28,Neutral
Word,12.36,Neutral
Word,12.33,Neutral
Word,12.73,Neutral
Word,13.10,Neutral
Word,10.80,Fun
Word,10.01,Fun
Word,14.05,Fun
Word,13.50,Fun
Word,8.98,Neutral
Word,11.81,Fun
Word,10.21,Fun
Word,7.86,Fun
Word,12.30,Fun
Word,11.84,Fun
Word,11.81,Fun
Word,12.43,Fun
Word,13.76,Neutral
Word,12.41,Fun
Word,10.77,Neutral
Word,10.53,Neutral
Word,11.74,Fun
Word,12.62,Neutral
Word,9.92,Fun
Word,11.63,Neutral
Word,13.93,Neutral
Word,11.78,Neutral
Word,10.60,Fun
Word,11.45,Fun
Word,14.23,Frustrating
Word,13.10,Fun
Word,14.47,Neutral
Word,12.28,Fun
Word,12.82,Neutral
Word,10.88,Fun
Word,13.21,Neutral
Word,10.99,Neutral
Word,9.16,Neutral
Word,12.26,Neutral
Word,15.89,Neutral
Word,13.60,Neutral
Word,14.33,Neutral
Word,12.72,Neutral
Word,10.78,Neutral
Word,11.60,Fun
Word,11.45,Fun
Word,11.06,Neutral
Word,13.41,Neutral
Word,9.61,Fun
Word,13.73,Neutral
Word,13.73,Neutral
Word,9.60,Fun
Word,13.28,Neutral
Word,16.86,Neutral
Word,10.89,Neutral
Word,13.69,Neutral
Word,10.44,Fun
Word,14.22,Neutral
Word,12.50,Neutral
Word,15.30,Neutral
Word,9.08,Fun
Word,11.90,Neutral
Word,10.95,Fun
Word,11.61,Fun
Word,10.74,Fun
Word,10.33,Fun
Word,13.16,Neutral
Word,9.82,Fun
Word,14.97,Neutral
Word,9.63,Fun
Word,12.20,Neutral
Word,13.07,Neutral
Word,13.17,Neutral
Word,11.40,Neutral
Word,12.16,Fun
Word,13.92,Neutral
Word,9.09,Fun
Word,10.44,Fun
Word,12.64,Frustrating
Word,11.11,Neutral
Word,14.74,Neutral
Word,13.35,Neutral
Word,12.14,Neutral
Word,8.98,Neutral
Word,12.05,Neutral
Word,11.37,Fun
Word,11.80,Neutral
Word,9.64,Fun
Word,13.00,Neutral
Word,9.92,Fun
Word,11.55,Fun
Word,12.76,Fun
Word,10.43,Fun
Word,13.17,Neutral
Word,9.37,Fun
Word,6.38,Fun
Word,12.93,Neutral
Word,13.68,Neutral
Word,11.43,Neutral
Word,13.01,Neutral
Word,9.69,Fun
Word,11.75,Neutral
Word,8.12,Fun
Word,14.36,Frustrating
Word,15.72,Fun
Word,14.15,Neutral
Word,11.95,Fun
Word,11.93,Neutral
Word,8.97,Fun
Word,13.58,Neutral
Word,11.58,Fun
Word,10.69,Neutral
Word,9.18,Fun
Word,11.40,Neutral
Word,10.30,Fun
Word,11.21,Neutral
Word,9.56,Fun
Word,15.38,Frustrating
Word,11.97,Neutral
Word,14.15,Neutral
Word,6.80,Fun
Word,11.09,Neutral
Word,10.65,Fun
Word,9.55,Neutral
Word,15.09,Neutral
Word,9.17,Fun
Word,12.64,Neutral
Word,13.69,Neutral
Word,12.36,Neutral
Word,10.25,Fun
Word,13.88,Neutral
Word,12.34,Neutral
Word,9.87,Neutral
Word,9.22,Fun
Word,16.17,Neutral
Word,10.64,Fun
Word,8.29,Fun
Word,13.07,Frustrating
Word,12.62,Neutral
Word,9.29,Fun
Word,8.11,Fun
Word,11.77,Neutral
Word,14.28,Neutral
Word,13.27,Fun
Word,11.01,Fun
Word,10.33,Neutral
Word,12.54,Neutral
Word,12.31,Fun
Word,13.26,Neutral
Word,11.21,Neutral
Word,13.80,Neutral
Word,10.34,Fun
Word,11.34,Neutral
Word,13.48,Neutral
Word,13.98,Neutral
Word,8.12,Fun
Word,12.21,Neutral
Word,13.22,Neutral
Word,9.10,Fun
Word,12.96,Neutral
Word,10.34,Fun
Word,14.04,Neutral
Word,13.08,Fun
Word,13.54,Neutral
Word,12.24,Neutral
Word,13.73,Neutral
Word,14.76,Frustrating
Word,15.93,Frustrating
Word,11.94,Neutral
Word,7.50,Fun
Word,12.06,Neutral
Word,12.41,Neutral
Word,11.69,Fun
Word,13.14,Fun
Word,14.02,Neutral
Word,10.96,Neutral
Word,11.41,Fun
Word,12.80,Neutral
Word,10.90,Neutral
Word,12.18,Neutral
Word,8.08,Fun
Word,9.76,Fun
Word,9.34,Neutral
Word,10.29,Fun
Word,10.61,Fun
Word,12.76,Neutral
Word,13.96,Neutral
Word,10.55,Fun
Word,10.01,Neutral
Word,9.92,Fun
Word,11.17,Fun
Word,11.52,Neutral
Word,12.97,Fun
Word,11.36,Neutral
Word,7.84,Fun
Word,11.82,Neutral
Word,14.37,Neutral
Word,14.38,Neutral
Word,10.42,Fun
Word,8.90,Fun
Word,16.92,Frustrating
Word,11.68,Fun
Word,11.81,Neutral
Word,12.84,Neutral
Word,8.77,Neutral
Word,10.54,Fun
Word,8.92,Neutral
Word,10.61,Fun
Word,12.24,Neutral
Word,9.27,Neutral
Word,13.18,Neutral
Word,12.58,Neutral
Word,10.19,Neutral
Word,12.45,Neutral
Word,13.50,Neutral
Word,14.12,Neutral
Word,11.57,Fun
Word,11.81,Neutral
Word,11.83,Neutral
Word,14.88,Neutral
Word,14.25,Neutral
Word,13.67,Fun
Word,11.43,Frustrating
Word,12.75,Neutral
Word,12.81,Neutral
Word,9.92,Fun
Word,8.54,Fun
Word,13.28,Fun
Word,8.94,Fun
Word,12.00,Neutral
Word,12.50,Neutral
Word,13.13,Frustrating
Word,12.38,Fun
Word,10.53,Neutral
Word,13.97,Neutral
Word,15.48,Frustrating
Word,13.76,Neutral
Word,8.11,Fun
Word,14.80,Frustrating
Word,11.89,Fun
Word,13.05,Fun
Word,13.24,Neutral
Word,11.81,Neutral
Word,11.85,Neutral
Word,14.04,Neutral
Word,13.42,Neutral
Word,13.98,Neutral
Word,16.77,Neutral
Word,13.33,Neutral
Word,12.41,Fun
Word,7.58,Fun
Word,17.38,Frustrating
Word,11.03,Neutral
Word,16.75,Neutral
Word,12.75,Neutral
Word,15.08,Neutral
Word,11.78,Neutral
Word,13.02,Neutral
Word,12.43,Neutral
Word,11.63,Fun
Word,11.76,Neutral
Word,14.03,Neutral
Word,11.60,Fun
Word,7.92,Fun
Word,11.61,Fun
Word,13.08,Neutral
Word,13.23,Neutral
Word,13.23,Fun
Word,8.62,Fun
Word,12.74,Neutral
Word,13.94,Neutral
Word,14.55,Frustrating
Word,11.55,Neutral
Word,11.36,Fun
Word,14.98,Frustrating
Word,8.66,Fun
Word,11.13,Neutral
Word,12.91,Neutral
Word,8.76,Fun
Word,12.56,Neutral
Word,15.76,Frustrating
Word,11.99,Neutral
Word,11.44,Neutral
Word,12.95,Neutral
Word,11.44,Frustrating
Word,13.63,Neutral
Word,13.81,Neutral
Word,12.01,Neutral
Word,9.65,Neutral
Word,9.36,Fun
Word,10.81,Fun
Word,13.59,Neutral
Word,8.08,Fun
Word,8.23,Fun
Word,10.69,Fun
Word,12.79,Neutral
Word,10.17,Fun
Word,13.77,Neutral
Word,12.67,Neutral
Word,11.66,Neutral
Word,13.64,Frustrating
Word,12.78,Neutral
Word,11.11,Neutral
Word,12.46,Neutral
Word,13.30,Neutral
Word,12.71,Neutral
Word,10.68,Neutral
Word,13.71,Neutral
Word,14.31,Neutral
Word,12.55,Neutral
Word,12.29,Fun
Word,11.85,Fun
Word,16.32,Frustrating
Word,12.55,Neutral
Word,11.68,Neutral
Word,6.98,Fun
Word,8.87,Fun
Word,11.84,Fun
Word,12.41,Neutral
Word,12.55,Fun
Word,13.64,Fun
Word,11.61,Fun
Word,14.43,Neutral
Word,10.16,Fun
Word,9.58,Fun
Word,9.54,Neutral
Word,13.48,Neutral
Word,11.83,Neutral
Word,13.58,Neutral
Word,11.46,Neutral
Word,10.82,Neutral
Word,11.26,Neutral
Word,8.29,Fun
Word,9.66,Neutral
Word,9.12,Neutral
Word,14.11,Neutral
Word,10.81,Neutral
Word,13.58,Neutral
Word,15.03,Neutral
Word,11.62,Neutral
Word,12.57,Neutral
Word,8.50,Fun
Word,10.36,Fun
Word,12.11,Fun
Word,12.60,Neutral
Word,10.48,Fun
Word,17.37,Frustrating
Word,11.08,Fun
Word,12.13,Neutral
Word,13.30,Neutral
Word,11.95,Neutral
Word,10.71,Fun
Word,14.09,Neutral
Word,15.23,Frustrating
Word,11.94,Fun
Word,13.12,Fun
Word,11.81,Neutral
Word,14.03,Neutral
Word,9.69,Neutral
Word,16.64,Frustrating
Word,10.79,Neutral
Word,9.08,Fun
Word,11.30,Fun
Word,12.29,Fun
Word,15.25,Neutral
Word,13.82,Neutral
Word,12.28,Neutral
Word,9.22,Neutral
Word,10.27,Fun
Word,11.67,Fun
Word,17.11,Neutral
Word,8.28,Fun
Word,14.26,Fun
Word,10.95,Neutral
Word,15.33,Neutral
Word,9.72,Neutral
Word,12.29,Fun
Word,9.80,Fun
Word,13.81,Neutral
Word,14.97,Neutral
Word,15.90,Neutral
Word,13.60,Fun
Word,15.69,Neutral
Word,14.49,Neutral
Word,11.74,Fun
Word,12.95,Neutral
Word,10.06,Fun
Word,11.63,Neutral
Word,14.44,Neutral
Word,13.08,Neutral
Word,12.91,Fun
Word,9.92,Fun
Word,10.79,Fun
Word,10.47,Fun
Word,12.79,Neutral
Word,10.02,Fun
Word,13.12,Neutral
Word,9.77,Fun
Word,15.66,Neutral
Word,12.92,Fun
Word,10.60,Fun
Word,12.48,Neutral
Word,11.30,Neutral
Word,12.74,Neutral
Word,12.49,Neutral
Word,9.97,Neutral
Word,10.42,Fun
Word,12.60,Neutral
Word,15.28,Neutral
Word,14.17,Neutral
Word,10.75,Fun
Word,13.65,Fun
Word,11.90,Neutral
Word,12.60,Fun
Word,12.52,Neutral
Word,17.15,Neutral
Word,9.63,Fun
Word,12.20,Neutral
Word,8.44,Fun
Word,13.18,Frustrating
Word,14.19,Neutral
Word,14.89,Neutral
Word,8.15,Fun
Word,12.83,Fun
Word,15.19,Neutral
Word,11.17,Neutral
Word,11.58,Neutral
Word,11.93,Neutral
Word,12.73,Neutral
Word,13.33,Neutral
Word,14.64,Neutral
Word,11.81,Neutral
Word,12.39,Neutral
Word,16.98,Neutral
Word,12.86,Neutral
Word,12.38,Neutral
Word,9.32,Neutral
Word,12.01,Fun
Word,11.56,Fun
Word,11.98,Neutral
Word,10.85,Neutral
Word,10.63,Fun
Word,10.56,Fun
Word,11.57,Fun
Word,14.74,Neutral
Word,14.10,Neutral
Word,11.28,Neutral
Word,8.63,Neutral
Word,10.31,Fun
Word,11.08,Neutral
Word,12.21,Neutral
Word,10.67,Fun
Word,16.01,Neutral
Word,11.46,Neutral
Word,9.57,Fun
Word,11.72,Neutral
Word,9.99,Fun
Word,12.31,Fun
Word,12.47,Fun
Word,12.71,Neutral
Word,8.76,Fun
Word,12.44,Neutral
Word,12.62,Neutral
Word,9.16,Fun
Word,13.91,Neutral
Word,13.57,Neutral
Word,16.60,Neutral
Word,12.31,Neutral
Word,12.09,Frustrating
Word,12.19,Neutral
Word,12.14,Neutral
Word,8.30,Fun
Word,8.66,Fun
Word,11.84,Neutral
Word,10.84,Fun
Word,12.11,Neutral
Word,7.78,Fun
Word,9.00,Fun
Word,9.80,Fun
Word,13.97,Neutral
Word,9.80,Fun
Word,10.40,Neutral
Word,12.16,Neutral
Word,11.35,Fun
Word,12.29,Fun
Word,16.61,Neutral
Word,9.75,Fun
Word,11.39,Neutral
Word,10.97,Neutral
Word,15.02,Neutral
Word,10.46,Fun
Word,11.84,Neutral
Word,13.57,Fun
Word,9.88,Fun
Word,15.31,Neutral
Word,13.35,Neutral
Word,9.85,Neutral
Word,12.91,Neutral
Word,11.57,Neutral
Word,12.63,Neutral
Word,11.82,Neutral
Word,14.14,Neutral
Word,9.30,Fun
Word,10.95,Neutral
Word,11.50,Neutral
Word,10.01,Neutral
Word,9.92,Fun
Word,11.96,Fun
Word,11.74,Fun
Word,6.90,Fun
Word,14.08,Neutral
Word,12.50,Neutral
Word,16.83,Neutral
Word,13.37,Neutral
Word,11.11,Fun
Word,17.59,Frustrating
Word,17.66,Frustrating
Word,9.56,Fun
Word,12.94,Neutral
Word,11.58,Fun
Word,12.37,Neutral
Word,12.46,Neutral
Word,9.48,Fun
Word,12.57,Neutral
Word,15.50,Neutral
Word,11.67,Neutral
Word,11.67,Neutral
Word,14.80,Fun
Word,13.80,Neutral
Word,8.70,Fun
Word,12.46,Neutral
Word,15.31,Frustrating
Word,14.83,Neutral
Word,12.84,Neutral
Word,13.44,Neutral
Word,9.61,Neutral
Word,12.60,Neutral
Word,10.09,Fun
Word,11.08,Neutral
Word,13.87,Neutral
Word,9.73,Fun
Word,12.53,Fun
Word,12.86,Fun
Word,12.11,Fun
Word,15.64,Neutral
Word,9.96,Fun
Word,13.21,Neutral
Word,11.82,Neutral
Word,11.48,Neutral
Word,12.93,Neutral
Word,9.96,Fun
Word,9.37,Fun
Word,11.01,Neutral
Word,15.50,Frustrating
Word,12.11,Neutral
Word,12.66,Fun
Word,11.62,Fun
Word,12.94,Neutral
Word,10.10,Fun
Word,14.32,Fun
Word,13.17,Neutral
Word,10.39,Neutral
Word,12.11,Neutral
Word,13.43,Fun
Word,13.12,Neutral
Word,14.96,Neutral
Word,10.77,Neutral
Word,14.23,Neutral
Word,14.07,Neutral
Word,11.68,Fun
Word,10.05,Neutral
Word,9.82,Fun
Word,12.92,Neutral
Word,11.86,Neutral
Word,15.56,Neutral
Word,13.07,Neutral
Word,11.26,Neutral
Word,9.95,Fun
Word,10.84,Neutral
Word,12.69,Neutral
Word,11.10,Fun
Word,13.03,Neutral
Word,11.33,Neutral
Word,11.79,Neutral
Word,10.54,Neutral
Word,15.81,Neutral
Word,12.67,Neutral
Word,12.46,Frustrating
Word,8.62,Fun
Word,13.32,Neutral
Word,9.95,Neutral
Word,10.22,Neutral
Word,13.84,Neutral
Word,11.09,Neutral
Word,8.50,Fun
Word,15.54,Neutral
Word,7.25,Fun
Word,13.15,Fun
Word,14.03,Frustrating
Word,10.74,Fun
Word,12.89,Neutral
Word,12.88,Fun
Word,14.08,Neutral
Word,12.97,Neutral
Word,11.51,Neutral
Word,13.83,Neutral
Word,13.60,Neutral
Word,10.13,Neutral
Word,9.20,Neutral
Word,12.32,Fun
Word,11.45,Fun
Word,10.03,Fun
Word,12.17,Neutral
Word,9.36,Fun
Word,12.32,Neutral
Word,10.75,Neutral
Word,13.91,Neutral
Word,16.85,Neutral
Word,10.17,Neutral
Word,14.12,Neutral
Word,13.65,Fun
Word,11.86,Neutral
Word,11.09,Fun
Word,15.15,Neutral
Word,7.99,Fun
Word,10.71,Fun
Word,9.13,Fun
Word,14.79,Neutral
Word,11.62,Neutral
Word,10.95,Fun
Word,18.37,Neutral
Word,11.90,Fun
Word,11.11,Neutral
Word,12.60,Neutral
Word,8.86,Neutral
Word,12.98,Neutral
Word,11.81,Neutral
Word,12.94,Neutral
Word,10.04,Neutral
Word,9.95,Fun
Word,10.61,Neutral
Word,10.46,Neutral
Word,14.60,Neutral
Word,15.16,Neutral
Word,11.69,Neutral
Word,11.28,Neutral
Word,11.34,Fun
Word,12.14,Neutral
Word,12.19,Neutral
Word,12.58,Neutral
Word,10.51,Neutral
Word,10.31,Neutral
Word,14.39,Neutral
Word,10.90,Fun
Word,12.61,Neutral
Word,11.89,Neutral
Word,10.08,Fun
Word,13.18,Neutral
Word,12.35,Neutral
Word,14.80,Neutral
Word,12.23,Neutral
Word,11.34,Fun
Word,12.56,Neutral
Word,9.63,Fun
Word,10.33,Neutral
Word,13.02,Neutral
Word,11.33,Neutral
Word,11.87,Neutral
Word,11.77,Fun
Word,10.70,Fun
Word,7.96,Fun
Word,12.70,Fun
Word,13.52,Neutral
Word,9.42,Fun
Word,14.96,Neutral
Word,12.77,Fun
Word,14.68,Neutral
Word,10.09,Fun
Word,12.33,Neutral
Word,11.80,Fun
Word,13.54,Neutral
Word,10.85,Neutral
Word,11.98,Fun
Word,8.44,Fun
Word,10.44,Neutral
Word,12.25,Fun
Word,10.59,Neutral
Word,11.91,Fun
Word,11.06,Fun
Word,13.21,Neutral
Word,14.34,Neutral
Word,10.35,Fun
Word,11.39,Neutral
Word,14.88,Frustrating
Word,7.60,Fun
Word,11.36,Fun
Word,16.13,Neutral
Word,16.39,Neutral
Word,12.31,Fun
Word,10.27,Fun
Word,12.33,Neutral
Word,10.69,Neutral
Word,14.91,Neutral
Word,10.39,Neutral
Word,12.75,Neutral
Word,13.24,Fun
Word,10.48,Fun
Word,13.70,Neutral
Word,10.50,Neutral
Word,13.26,Neutral
Word,14.19,Neutral
Word,10.02,Neutral
Word,14.22,Neutral
Word,11.02,Neutral
Word,12.59,Neutral
Word,12.40,Fun
Word,11.15,Fun
Word,12.54,Neutral
Word,9.54,Fun
Word,11.73,Neutral
Word,13.65,Neutral
Word,7.65,Fun
Word,9.02,Fun
Word,9.68,Fun
Word,8.82,Fun
Word,12.84,Neutral
Word,10.01,Neutral
Word,7.67,Fun
Word,10.72,Neutral
Word,11.22,Fun
Word,13.71,Neutral
Word,9.79,Fun
Word,14.32,Fun
Word,12.80,Neutral
Word,12.72,Fun
Word,10.29,Fun
Word,15.91,Fun
Word,11.67,Fun
Word,8.35,Fun
Word,11.59,Fun
Word,8.13,Fun
Word,11.38,Fun
Word,11.16,Fun
Word,13.36,Fun
Word,14.02,Neutral
Word,10.55,Fun
Word,13.61,Neutral
Word,14.85,Frustrating
Word,10.43,Fun
Word,10.70,Neutral
Word,13.30,Neutral
Word,12.37,Neutral
Word,13.10,Fun
Word,14.81,Neutral
Word,12.77,Neutral
Word,14.10,Neutral
Word,13.25,Neutral
Word,12.87,Neutral
Word,12.77,Fun
Word,14.58,Neutral
Word,10.00,Fun
Word,9.79,Neutral
Word,13.18,Neutral
Word,11.76,Fun
Word,12.15,Fun
Word,13.48,Neutral
Word,13.51,Neutral
Word,11.47,Fun
Word,11.37,Neutral
Word,12.15,Neutral
Word,14.13,Neutral
Word,12.85,Neutral
Word,14.87,Neutral
Word,11.98,Neutral
Word,14.25,Neutral
Word,13.77,Fun
Word,13.22,Fun
Word,12.83,Neutral
Word,11.44,Fun
Word,11.78,Neutral
Word,12.46,Fun
Word,12.10,Fun
Word,13.89,Fun
Word,11.78,Neutral
Word,11.86,Neutral
Word,11.03,Fun
Word,11.72,Neutral
Word,11.86,Neutral
Word,7.37,Fun
Word,9.27,Neutral
Word,11.86,Fun
Word,11.47,Neutral
Word,9.60,Fun
Word,8.02,Neutral
Word,11.29,Fun
Word,13.31,Neutral
Word,15.55,Frustrating
Word,11.92,Fun
Word,14.99,Neutral
Word,12.17,Neutral
Word,12.23,Neutral
Word,12.65,Neutral
Word,10.26,Neutral
Word,11.90,Fun
Word,13.82,Neutral
Word,10.50,Fun
Word,11.36,Fun
Word,9.70,Fun
Word,12.71,Neutral
Word,12.85,Neutral
Word,13.30,Neutral
Word,9.56,Fun
Word,12.21,Fun
Word,10.11,Fun
Word,12.00,Neutral
Word,14.69,Neutral
Word,10.99,Fun
Word,13.43,Fun
Word,10.50,Fun
Word,11.04,Fun
Word,12.88,Neutral
Word,10.64,Neutral
Word,8.59,Fun
Word,14.53,Neutral
Word,12.72,Fun
Word,10.83,Fun
Word,8.01,Fun
Word,15.80,Neutral
Word,18.78,Frustrating
Word,12.41,Neutral
Word,13.70,Neutral
Word,14.45,Frustrating
Word,10.60,Neutral
Word,11.30,Neutral
Word,8.55,Fun
Word,10.53,Neutral
Word,13.24,Neutral
Word,11.42,Neutral
Word,11.57,Fun
Word,11.77,Fun
Word,8.27,Fun
Word,13.68,Neutral
Word,9.11,Fun
Word,11.58,Neutral
Word,11.12,Fun
Word,11.56,Neutral
Word,14.92,Neutral
Word,10.84,Neutral
Word,10.43,Fun
Word,8.96,Fun
Word,10.39,Neutral
Word,9.67,Fun
Word,12.82,Neutral
Word,10.27,Fun
Word,12.61,Neutral
Word,11.71,Fun
Word,9.13,Fun
Word,10.42,Neutral
Word,13.77,Neutral
Word,13.81,Frustrating
Word,16.01,Neutral
Word,11.99,Neutral
Word,9.01,Fun
Word,10.46,Fun
Word,12.82,Neutral
Word,15.80,Frustrating
Word,12.22,Fun
Word,14.28,Neutral
Word,13.54,Neutral
Word,9.66,Neutral
Word,11.66,Fun
Word,14.61,Neutral
Word,13.75,Neutral
Word,12.93,Fun
Word,12.95,Neutral
Word,11.02,Neutral
Word,9.36,Fun
Word,14.59,Neutral
Word,9.16,Fun
Word,10.12,Neutral
Word,13.26,Neutral
Word,9.48,Fun
Word,10.90,Neutral
Word,9.63,Neutral
Word,13.24,Fun
Word,12.89,Neutral
Word,12.84,Fun
Word,12.88,Neutral
Word,13.11,Fun
Word,13.28,Neutral
Word,8.06,Fun
Word,11.70,Neutral
Word,12.22,Neutral
Word,13.45,Neutral
Word,9.63,Neutral
Word,11.00,Neutral
Word,9.85,Fun
Word,14.11,Neutral
Word,14.56,Neutral
Word,13.58,Neutral
Word,9.56,Fun
Word,12.90,Neutral
Word,14.30,Neutral
Word,12.34,Fun
Word,10.87,Fun
Word,9.83,Fun
Word,10.67,Fun
Word,13.43,Neutral
Word,11.14,Neutral
Word,12.46,Neutral
Word,14.59,Neutral
Word,13.16,Neutral
Word,14.73,Neutral
Word,8.60,Fun
Word,11.44,Neutral
Word,12.13,Fun
Word,13.16,Neutral
Word,9.66,Neutral
Word,13.61,Fun
Word,12.61,Neutral
Word,12.53,Neutral
Word,13.02,Neutral
Word,11.77,Neutral
Word,13.85,Neutral
Word,13.30,Neutral
Word,11.70,Neutral
Word,14.08,Neutral
Word,12.59,Neutral
Word,13.34,Neutral
Word,10.81,Neutral
Word,15.16,Frustrating
Word,11.99,Neutral
Word,13.70,Neutral
Word,11.80,Fun
Word,11.44,Neutral
Word,13.57,Fun
Word,8.83,Neutral
Word,12.96,Neutral
Word,12.79,Neutral
Word,6.61,Fun
Word,12.74,Neutral
Word,7.66,Fun
Word,13.32,Neutral
Word,11.09,Fun
Word,10.61,Neutral
Word,11.99,Fun
Word,14.75,Neutral
Word,10.73,Fun
Word,13.12,Fun
Word,12.68,Neutral
Word,9.64,Fun
Word,8.52,Fun
Word,8.01,Fun
Word,13.10,Fun
Word,11.93,Fun
Word,15.70,Frustrating
Word,13.15,Frustrating
Word,13.70,Fun
Word,14.67,Neutral
Word,11.00,Neutral
Word,13.02,Neutral
Word,13.74,Neutral
Word,14.74,Neutral
Word,13.53,Neutral
Word,12.84,Fun
Word,10.26,Fun
Word,13.46,Neutral
Word,13.00,Neutral
Word,13.27,Fun
Word,12.85,Neutral
Word,11.60,Neutral
Word,11.85,Neutral
Word,13.37,Neutral
Word,12.34,Neutral
Word,10.34,Fun
Word,11.42,Neutral
Word,9.36,Fun
Word,10.07,Neutral
Word,11.71,Neutral
Word,8.40,Fun
Word,8.62,Fun
Word,14.21,Neutral
Word,10.85,Fun
Word,8.30,Fun
Word,11.77,Neutral
Word,14.64,Neutral
Word,13.32,Neutral
Word,12.88,Neutral
Word,14.37,Neutral
Word,10.46,Neutral
Word,13.46,Fun
Word,10.83,Neutral
Word,12.00,Neutral
Word,16.43,Frustrating
Word,13.94,Neutral
Word,13.54,Neutral
Word,9.78,Fun
Word,10.43,Fun
Word,16.57,Neutral
Word,9.81,Fun
Word,12.43,Neutral
Word,13.79,Neutral
Word,14.04,Neutral
Word,14.18,Neutral
Word,11.67,Neutral
Word,10.36,Fun
Word,11.39,Fun
Word,10.20,Neutral
Word,13.25,Frustrating
Word,14.24,Neutral
Word,16.25,Frustrating
Word,12.73,Neutral
Word,10.25,Neutral
Word,14.05,Neutral
Word,13.81,Frustrating
Word,11.52,Neutral
Word,8.88,Fun
Word,13.52,Fun
Word,14.26,Frustrating
Word,11.41,Neutral
Word,13.07,Fun
Word,11.45,Neutral
Word,13.36,Neutral
Word,11.77,Neutral
Word,11.31,Frustrating
Word,12.22,Neutral
Word,11.43,Neutral
Word,10.82,Fun
Word,11.37,Neutral
Word,11.98,Fun
Word,12.41,Neutral
Word,15.06,Neutral
Word,9.28,Neutral
Word,11.60,Fun
Word,13.26,Neutral
Word,15.52,Neutral
Word,12.85,Neutral
Word,11.97,Neutral
Word,11.38,Neutral
Word,12.83,Fun
Word,13.98,Neutral
Word,11.63,Fun
Word,12.33,Neutral
Word,12.43,Fun
Word,13.46,Neutral
Word,14.22,Frustrating
Word,12.56,Neutral
Word,11.85,Neutral
Word,14.79,Frustrating
Word,12.33,Neutral
Word,15.16,Frustrating
Word,11.88,Neutral
Word,13.23,Fun
Word,8.91,Neutral
Word,11.78,Neutral
Word,11.96,Neutral
Word,10.48,Neutral
Word,9.93,Fun
Word,13.90,Neutral
Word,13.83,Neutral
Word,9.40,Neutral
Word,12.85,Fun
Word,9.77,Fun
Word,9.90,Neutral
Word,13.05,Neutral
Word,10.63,Fun
Word,13.99,Neutral
Word,12.08,Neutral
Word,13.07,Neutral
Word,10.95,Fun
Word,9.70,Neutral
Word,13.83,Neutral
Word,12.48,Neutral
Word,11.52,Neutral
Word,12.14,Neutral
Word,14.65,Neutral
Word,10.60,Fun
Word,10.50,Neutral
Word,10.76,Fun
Word,8.83,Fun
Word,13.64,Neutral
Word,12.38,Neutral
Word,12.41,Neutral
Word,11.91,Fun
Word,10.98,Neutral
Word,10.35,Fun
Word,13.70,Neutral
Word,9.15,Neutral
Word,12.88,Neutral
Word,10.41,Fun
Word,12.56,Fun
Word,10.52,Neutral
Word,10.95,Fun
Word,15.54,Neutral
Word,13.34,Fun
Word,7.71,Fun
Word,12.25,Fun
Word,11.10,Fun
Word,9.73,Neutral
Word,12.42,Neutral
Word,12.26,Fun
Word,11.34,Fun
Word,15.95,Frustrating
Word,7.50,Fun
Word,13.68,Frustrating
Word,11.42,Fun
Word,13.31,Neutral
Word,11.09,Fun
Word,10.81,Neutral
Word,8.58,Fun
Word,11.58,Neutral
Word,16.96,Frustrating
Word,13.98,Neutral
Word,15.35,Neutral
Word,13.83,Neutral
Word,14.29,Neutral
Word,13.81,Neutral
Word,12.95,Neutral
Word,10.83,Fun
Word,10.93,Neutral
Word,8.80,Neutral
Word,11.99,Neutral
Word,13.80,Fun
Word,14.06,Neutral
Word,12.19,Fun
Word,10.90,Fun
Word,18.58,Frustrating
Word,13.47,Neutral
Word,14.84,Neutral
Word,11.32,Fun
Word,11.92,Neutral
Word,12.90,Neutral
Word,15.35,Neutral
Word,11.38,Fun
Word,13.71,Neutral
Word,7.81,Fun
Word,10.99,Neutral
Word,9.42,Fun
Word,14.23,Neutral
Word,11.67,Fun
Word,11.22,Fun
Word,14.74,Neutral
Word,14.23,Neutral
Word,10.20,Neutral
Word,12.86,Fun
Word,9.54,Fun
Word,11.05,Neutral
Word,15.23,Neutral
Word,14.90,Neutral
Word,14.22,Neutral
Word,10.86,Neutral
Word,8.24,Fun
Word,9.65,Fun
Word,13.91,Frustrating
Word,11.42,Fun
Word,7.67,Fun
Word,11.64,Fun
Word,14.82,Frustrating
Word,13.29,Neutral
Word,10.36,Fun
Word,8.91,Neutral
Word,10.35,Fun
Word,12.07,Neutral
Word,13.78,Neutral
Word,8.12,Fun
Word,14.05,Neutral
Word,12.01,Fun
Word,13.14,Neutral
Word,8.69,Fun
Word,10.67,Neutral
Word,11.10,Fun
Word,14.09,Neutral
Word,14.06,Fun
Word,12.87,Neutral
Word,15.21,Neutral
Word,10.97,Neutral
Word,14.03,Frustrating
Word,11.93,Neutral
Word,10.67,Neutral
Word,13.85,Neutral
Word,14.76,Neutral
Word,13.76,Neutral
Word,10.98,Fun
Word,11.06,Fun
Word,14.76,Frustrating
Word,12.71,Fun
Word,13.66,Neutral
Word,11.32,Fun
Word,14.52,Neutral
Word,10.38,Fun
Word,13.25,Neutral
Word,10.37,Fun
Word,7.07,Fun
Word,9.31,Fun
Word,12.27,Neutral
Word,13.77,Neutral
Word,8.50,Fun
Word,9.50,Fun
Word,15.53,Neutral
Word,11.13,Fun
Word,13.01,Fun
Word,10.95,Neutral
Word,11.40,Fun
Word,12.17,Fun
Word,12.02,Neutral
Word,11.61,Neutral
Word,11.06,Fun
Word,5.90,Fun
Word,15.74,Frustrating
Word,15.58,Neutral
Word,9.80,Neutral
Word,11.66,Fun
Word,14.75,Frustrating
Word,14.00,Neutral
Word,14.55,Fun
Word,9.86,Fun
Word,17.15,Neutral
Word,9.73,Fun
Word,13.51,Neutral
Word,12.28,Neutral
Word,11.19,Neutral
Word,11.24,Fun
Word,10.02,Neutral
Word,15.25,Neutral
Word,12.18,Fun
Word,12.52,Neutral
Word,12.42,Neutral
Word,11.25,Fun
Word,9.73,Neutral
Word,12.51,Neutral
Word,7.81,Neutral
Word,9.16,Fun
Word,9.85,Fun
Word,9.84,Fun
Word,12.21,Neutral
Word,15.20,Frustrating
Word,8.97,Fun
Word,12.87,Frustrating
Word,13.80,Neutral
Word,10.02,Fun
Word,11.89,Neutral
Word,13.65,Neutral
Word,11.49,Neutral
Word,11.56,Neutral
Word,12.62,Neutral
Word,11.88,Neutral
Word,10.89,Fun
Word,11.72,Fun
Word,15.77,Neutral
Word,13.75,Neutral
Word,10.17,Fun
Word,9.51,Neutral
Word,11.28,Neutral
Word,14.66,Neutral
Word,12.59,Frustrating
Word,10.60,Fun
Word,13.76,Neutral
Word,11.73,Fun
Word,9.76,Fun
Word,12.92,Frustrating
Word,15.05,Neutral
Word,12.87,Fun
Word,12.38,Neutral
Word,10.69,Neutral
Word,13.14,Neutral
Word,9.86,Fun
Word,8.69,Fun
Word,11.91,Neutral
Word,11.93,Fun
Word,16.73,Neutral
Word,9.57,Fun
Word,12.34,Neutral
Word,13.61,Neutral
Word,14.10,Neutral
Word,11.98,Fun
Word,10.51,Fun
Word,11.87,Fun
Word,15.88,Neutral
Word,12.97,Neutral
Word,7.91,Fun
Word,14.85,Neutral
Word,13.08,Neutral
Word,11.93,Neutral
Word,11.96,Neutral
Word,11.70,Neutral
Word,12.51,Neutral
Word,10.99,Fun
Word,12.55,Neutral
Word,10.14,Fun
Word,12.40,Neutral
Word,14.21,Neutral
Word,13.02,Neutral
Word,14.07,Neutral
Word,9.82,Neutral
Word,12.11,Neutral
Word,13.23,Neutral
Word,9.86,Fun
Word,15.13,Neutral
Word,9.93,Fun
Word,12.33,Fun
Word,12.30,Neutral
Word,12.24,Neutral
Word,11.58,Neutral
Word,12.90,Neutral
Word,9.94,Fun
Word,9.42,Fun
Word,10.69,Fun
Word,11.89,Neutral
Word,14.51,Neutral
Word,15.17,Neutral
Word,12.64,Neutral
Word,12.76,Neutral
Word,11.51,Fun
Word,12.10,Fun
Word,9.19,Fun
Word,12.58,Neutral
Word,10.93,Neutral
Word,12.67,Fun
Word,11.31,Neutral
Word,10.68,Fun
Word,11.56,Neutral
Word,11.27,Neutral
Word,14.19,Neutral
Word,12.42,Neutral
Word,12.86,Fun
Word,9.52,Fun
Word,14.99,Frustrating
Word,12.32,Neutral
Word,10.29,Fun
Word,12.62,Neutral
Word,13.74,Neutral
Word,9.23,Fun
Word,15.38,Neutral
Word,11.68,Neutral
Word,14.24,Neutral
Word,12.14,Neutral
Word,11.34,Fun
Word,8.33,Fun
Word,9.80,Neutral
Word,11.92,Neutral
Word,13.66,Neutral
Word,8.24,Fun
Word,14.75,Neutral
Word,14.80,Neutral
Word,9.71,Fun
Word,12.94,Neutral
Word,9.93,Neutral
Word,11.75,Fun
Word,13.86,Neutral
Word,13.74,Fun
Word,10.30,Neutral
Word,11.23,Neutral
Word,10.05,Fun
Word,12.68,Neutral
Word,8.88,Fun
Word,6.74,Fun
Word,14.94,Fun
Word,16.55,Neutral
Word,11.09,Neutral
Word,13.52,Fun
Word,11.98,Neutral
Word,14.95,Fun
Word,13.11,Neutral
Word,12.41,Neutral
Word,8.40,Neutral
Word,14.17,Neutral
Word,11.30,Neutral
Word,9.19,Fun
Word,11.60,Neutral
Word,11.75,Neutral
Word,14.12,Neutral
Word,9.67,Neutral
Word,10.88,Fun
Word,14.98,Neutral
Word,14.72,Neutral
Word,14.33,Frustrating
Word,15.32,Neutral
Word,12.41,Fun
Word,10.84,Fun
Word,13.11,Neutral
Word,14.12,Neutral
Word,16.83,Neutral
Word,8.07,Fun
Word,12.55,Neutral
Word,13.31,Fun
Word,11.89,Neutral
Word,8.88,Fun
Word,13.48,Fun
Word,10.44,Neutral
Word,13.01,Neutral
Word,13.82,Neutral
Word,14.57,Neutral
Word,8.88,Fun
Word,14.16,Neutral
Word,10.49,Fun
Word,9.42,Neutral
Word,14.63,Neutral
Word,14.29,Neutral
Word,11.51,Neutral
Word,13.52,Neutral
Word,10.28,Neutral
Word,11.70,Neutral
Word,11.81,Neutral
Word,11.44,Neutral
Word,13.47,Frustrating
Word,15.07,Neutral
Word,11.09,Neutral
Word,11.93,Neutral
Word,15.27,Neutral
Word,11.34,Fun
Word,6.79,Fun
Word,13.03,Neutral
Word,10.23,Fun
Word,10.00,Fun
Word,14.84,Frustrating
Word,16.90,Neutral
Word,9.92,Fun
Word,14.06,Neutral
Word,11.81,Neutral
Word,12.28,Frustrating
Word,14.44,Frustrating
Word,12.43,Fun
Word,10.30,Frustrating
Word,11.06,Fun
Word,13.37,Neutral
Word,7.33,Fun
Word,14.19,Neutral
Word,8.87,Fun
Word,12.04,Neutral
Word,11.62,Fun
Word,14.59,Neutral
Word,12.38,Fun
Word,12.20,Neutral
Word,13.40,Neutral
Word,10.35,Neutral
Word,11.61,Fun
Word,14.36,Neutral
Word,13.37,Neutral
Word,9.45,Neutral
Word,13.28,Neutral
Word,9.24,Neutral
Word,10.80,Neutral
Word,14.42,Neutral
Word,7.50,Fun
Word,8.44,Fun
Word,14.60,Fun
Word,10.37,Neutral
Word,14.49,Frustrating
Word,11.66,Fun
Word,12.86,Neutral
Word,13.63,Neutral
Word,10.70,Fun
Word,11.39,Neutral
Word,11.17,Neutral
Word,17.63,Neutral
Word,12.25,Fun
Word,12.95,Neutral
Word,11.32,Fun
Word,11.52,Fun
Word,14.76,Neutral
Word,11.32,Neutral
Word,12.04,Neutral
Word,12.75,Neutral
Word,11.14,Fun
Word,15.92,Neutral
Word,9.14,Neutral
Word,16.02,Neutral
Word,11.30,Neutral
Word,14.71,Neutral
Word,8.00,Fun
Word,13.91,Neutral
Word,13.75,Neutral
Word,9.46,Neutral
Word,10.46,Neutral
Word,12.39,Neutral
Word,14.29,Neutral
Word,10.47,Fun
Word,11.55,Fun
Word,15.14,Neutral
Word,9.75,Fun
Word,13.90,Neutral
Word,12.90,Neutral
Word,9.79,Neutral
Word,10.66,Fun
Word,13.57,Frustrating
Word,12.50,Neutral
Word,14.85,Neutral
Word,10.80,Neutral
Word,8.57,Fun
Word,14.10,Neutral
Word,10.78,Fun
Word,12.24,Neutral
Word,15.44,Neutral
Word,11.50,Neutral
Word,15.10,Neutral
Word,9.81,Fun
Word,13.85,Neutral
Word,12.49,Fun
Word,10.53,Neutral
Word,9.44,Fun
Word,12.15,Neutral
Word,12.51,Neutral
Word,12.55,Neutral
Word,13.07,Neutral
Word,11.08,Fun
Word,10.98,Fun
Word,12.47,Fun
Word,10.92,Neutral
Word,14.44,Neutral
Word,12.35,Neutral
Word,10.77,Neutral
Word,8.39,Fun
Word,10.71,Neutral
Word,16.09,Neutral
Word,10.88,Neutral
Word,10.33,Neutral
Word,13.31,Neutral
Word,12.88,Neutral
Word,13.50,Fun
Word,11.44,Neutral
Word,14.25,Neutral
Word,9.65,Neutral
Word,11.90,Fun
Word,10.59,Fun
Word,13.36,Fun
Word,12.26,Neutral
Word,14.22,Fun
Word,16.12,Frustrating
Word,12.28,Fun
Word,10.93,Neutral
Word,10.35,Fun
Word,11.47,Neutral
Word,11.86,Neutral
Word,15.98,Neutral
Word,9.74,Neutral
Word,9.81,Neutral
Word,11.18,Neutral
Word,13.18,Neutral
Word,13.64,Neutral
Word,10.18,Fun
Word,12.25,Fun
Word,11.91,Neutral
Word,14.39,Neutral
Word,14.18,Neutral
Word,11.38,Neutral
Word,12.09,Fun
Word,13.31,Neutral
Word,8.69,Fun
Word,11.38,Neutral
Word,13.15,Neutral
Word,10.95,Neutral
Word,11.88,Fun
Word,11.96,Fun
Word,10.55,Frustrating
Word,10.01,Neutral
Word,11.60,Neutral
Word,11.31,Neutral
Word,13.67,Frustrating
Word,15.06,Neutral
Word,11.98,Neutral
Word,12.80,Neutral
Word,11.86,Fun
Word,13.20,Neutral
Word,12.44,Fun
Word,12.47,Neutral
Word,14.23,Neutral
Word,10.03,Neutral
Word,14.90,Neutral
Word,12.70,Neutral
Word,12.36,Fun
Word,10.88,Neutral
Word,11.67,Fun
Word,12.75,Neutral
Word,7.87,Neutral
Word,10.80,Neutral
Word,13.17,Neutral
Word,11.41,Neutral
Word,10.40,Fun
Word,10.73,Fun
Word,12.47,Fun
Word,8.73,Fun
Word,13.74,Neutral
Word,7.66,Fun
Word,10.99,Neutral
Word,10.43,Fun
Word,9.50,Fun
Word,9.84,Fun
Word,12.50,Neutral
Word,11.76,Neutral
Word,11.40,Fun
Word,7.36,Fun
Word,9.35,Neutral
Word,11.74,Fun
Word,10.24,Neutral
Word,10.41,Neutral
Word,14.10,Neutral
Word,12.35,Neutral
Word,9.91,Fun
Word,11.06,Neutral
Word,11.43,Fun
Word,10.64,Fun
Word,10.07,Neutral
Word,11.90,Neutral
Word,13.48,Neutral
Word,12.45,Fun
Word,11.60,Neutral
Word,12.78,Neutral
Word,13.59,Neutral
Word,11.72,Fun
Word,12.91,Neutral
Word,9.71,Fun
Word,11.50,Neutral
Word,11.16,Fun
Word,12.39,Neutral
Word,12.71,Fun
Word,11.75,Fun
Word,10.47,Neutral
Word,10.14,Fun
Word,12.56,Fun
Word,14.71,Neutral
Word,10.43,Neutral
Word,11.23,Neutral
Word,12.66,Neutral
Word,10.89,Neutral
Word,12.24,Fun
Word,11.90,Neutral
Word,10.45,Fun
Word,13.66,Neutral
Word,13.69,Neutral
Word,14.05,Frustrating
Word,14.54,Frustrating
Word,10.99,Neutral
Word,11.07,Fun
Word,12.52,Fun
Word,13.26,Fun
Word,11.32,Neutral
Word,11.15,Neutral
Word,10.76,Fun
Word,14.96,Neutral
Word,6.98,Neutral
Word,11.66,Neutral
Word,12.08,Fun
Word,9.88,Fun
Word,12.77,Frustrating
Word,8.07,Fun
Word,13.91,Neutral
Word,8.67,Fun
Word,7.59,Fun
Word,10.47,Fun
Word,12.32,Neutral
Word,10.70,Fun
Word,10.88,Fun
Word,12.67,Neutral
Word,9.88,Neutral
Word,11.83,Neutral
Word,13.00,Frustrating
Word,15.27,Neutral
Word,12.96,Neutral
Word,15.43,Frustrating
Word,12.91,Neutral
Word,11.99,Fun
Word,7.49,Fun
Word,9.55,Neutral
Word,11.36,Neutral
Word,13.42,Neutral
Word,11.35,Fun
Word,13.09,Neutral
Word,9.87,Fun
Word,11.45,Neutral
Word,12.43,Fun
Word,11.28,Neutral
Word,12.23,Neutral
Word,10.66,Fun
Word,12.75,Neutral
Word,11.84,Neutral
Word,11.91,Neutral
Word,8.10,Fun
Word,10.65,Fun
Word,9.02,Fun
Word,8.79,Fun
Word,11.01,Fun
Word,11.68,Fun
Word,12.57,Neutral
Word,14.18,Neutral
Word,12.89,Neutral
Word,14.02,Neutral
Word,10.95,Fun
Word,11.38,Fun
Word,14.17,Neutral
Word,12.00,Neutral
Word,8.64,Fun
Word,10.31,Fun
Word,14.02,Neutral
Word,10.78,Fun
Word,12.67,Fun
Word,12.03,Neutral
Word,11.01,Fun
Word,11.30,Neutral
Word,12.78,Neutral
Word,12.42,Neutral
Word,14.47,Neutral
Word,11.60,Neutral
Word,10.15,Neutral
Word,12.33,Neutral
Word,13.41,Neutral
Word,16.56,Frustrating
Word,11.07,Neutral
Word,11.35,Neutral
Word,13.76,Neutral
Word,14.56,Neutral
Word,10.68,Fun
Word,13.33,Neutral
Word,10.87,Neutral
Word,10.08,Fun
Word,13.25,Neutral
Word,12.21,Neutral
Word,12.78,Neutral
Word,10.84,Neutral
Word,15.59,Neutral
Word,13.33,Neutral
Word,11.25,Fun
Word,13.41,Fun
Word,9.57,Fun
Word,11.72,Neutral
Word,14.81,Frustrating
Word,11.62,Fun
Word,13.82,Neutral
Word,11.56,Fun
Word,7.40,Fun
Word,10.24,Neutral
Word,12.45,Neutral
Word,14.89,Neutral
Word,10.81,Neutral
Word,12.55,Fun
Word,10.07,Neutral
Word,9.97,Neutral
Word,10.45,Fun
Word,14.74,Fun
Word,13.88,Fun
Word,13.19,Neutral
Word,14.23,Neutral
Word,11.15,Fun
Word,13.52,Fun
Word,12.42,Neutral
Word,9.90,Neutral
Word,10.34,Fun
Word,12.10,Neutral
Word,12.41,Neutral
Word,11.36,Neutral
Word,10.01,Fun
Word,7.82,Fun
Word,12.85,Neutral
Word,11.41,Fun
Word,13.10,Neutral
Word,8.91,Fun
Word,9.49,Fun
Word,11.78,Neutral
Word,9.17,Fun
Word,8.03,Neutral
Word,13.57,Neutral
Word,13.80,Neutral
Word,9.94,Fun
Word,11.46,Fun
Word,9.73,Fun
Word,12.63,Fun
Word,11.94,Neutral
Word,10.26,Neutral
Word,10.45,Neutral
Word,9.88,Fun
Word,12.87,Frustrating
Word,13.14,Neutral
Word,12.75,Neutral
Word,10.31,Fun
Word,8.43,Fun
Word,13.06,Neutral
Word,11.65,Fun
Word,11.92,Fun
Word,14.06,Neutral
Word,10.21,Neutral
Word,14.29,Neutral
Word,11.17,Neutral
Word,10.57,Fun
Word,11.59,Neutral
Word,12.78,Neutral
Word,11.59,Fun
Word,10.20,Fun
Word,11.44,Fun
Word,6.92,Fun
Word,10.98,Neutral
Word,12.91,Fun
Word,11.66,Fun
Word,13.38,Fun
Word,12.97,Neutral
Word,13.29,Fun
Word,13.31,Fun
Word,8.52,Fun
Word,12.01,Neutral
Word,15.26,Neutral
Word,11.04,Neutral
Word,12.91,Neutral
Word,12.29,Neutral
Word,13.11,Neutral
Word,11.46,Fun
Word,10.70,Fun
Word,12.14,Neutral
Word,12.42,Neutral
Word,11.63,Neutral
Word,12.06,Neutral
Word,12.82,Neutral
Word,10.45,Fun
Word,14.28,Fun
Word,16.40,Neutral
Word,14.95,Neutral
Word,11.09,Fun
Word,8.35,Neutral
Word,12.11,Neutral
Word,13.76,Fun
Word,13.56,Neutral
Word,9.54,Fun
Word,9.77,Fun
Word,12.27,Neutral
Word,13.25,Fun
Word,13.75,Neutral
Word,13.63,Neutral
Word,10.06,Fun
Word,9.37,Neutral
Word,7.97,Fun
Word,13.01,Neutral
Word,13.66,Neutral
Word,12.67,Neutral
Word,9.88,Fun
Word,15.14,Neutral
Word,11.26,Fun
Word,15.56,Neutral
Word,13.10,Neutral
Word,14.38,Neutral
Word,12.66,Neutral
Word,11.87,Neutral
Word,9.97,Fun
Word,10.88,Neutral
Word,11.91,Neutral
Word,12.56,Fun
Word,11.93,Neutral
Word,11.64,Neutral
Word,12.37,Neutral
Word,10.95,Fun
Word,10.93,Fun
Word,9.09,Neutral
Word,13.69,Neutral
Word,12.09,Neutral
Word,11.83,Neutral
Word,10.52,Fun
Word,11.50,Neutral
Word,9.83,Neutral
Word,9.90,Fun
Word,8.16,Fun
Word,13.96,Neutral
Word,12.25,Neutral
Word,9.77,Neutral
Word,14.33,Neutral
Word,13.25,Fun
Word,13.48,Neutral
Word,11.55,Fun
Word,11.15,Fun
Word,11.80,Fun
Word,12.81,Neutral
Word,13.60,Neutral
Word,15.18,Neutral
Word,10.98,Fun
Word,9.97,Neutral
Word,12.20,Neutral
Word,18.04,Neutral
Word,11.14,Neutral
Word,14.29,Neutral
Word,11.51,Neutral
Word,11.04,Fun
Word,10.58,Fun
Word,11.58,Fun
Word,15.28,Neutral
Word,12.60,Neutral
Word,12.97,Neutral
Word,13.68,Neutral
Word,16.14,Neutral
Word,13.55,Frustrating
Word,9.15,Fun
Word,9.93,Fun
Word,8.82,Neutral
Word,6.30,Fun
Word,14.58,Neutral
Word,11.01,Fun
Word,12.79,Neutral
Word,14.36,Fun
Word,10.98,Neutral
Word,11.73,Fun
Word,12.70,Neutral
Word,12.45,Fun
Word,10.45,Fun
Word,13.46,Neutral
Word,13.09,Neutral
Word,11.42,Neutral
Word,9.56,Fun
Word,13.27,Neutral
Word,14.86,Neutral
Word,14.76,Neutral
Word,13.75,Neutral
Word,11.03,Fun
Word,10.94,Neutral
Word,10.82,Fun
Word,11.18,Neutral
Word,13.42,Fun
Word,12.51,Neutral
Word,8.29,Neutral
Word,8.28,Neutral
Word,11.95,Neutral
Word,12.30,Neutral
Word,7.39,Fun
Word,10.37,Neutral
Word,12.06,Neutral
Word,14.92,Frustrating
Word,7.97,Fun
Word,9.49,Fun
Word,9.84,Fun
Word,12.35,Fun
Word,12.66,Fun
Word,11.36,Neutral
Word,8.78,Fun
Word,10.74,Neutral
Word,10.88,Fun
Word,11.59,Fun
Word,15.25,Frustrating
Word,10.65,Neutral
Word,12.15,Fun
Word,10.59,Neutral
Word,9.52,Fun
Word,13.27,Fun
Word,9.90,Fun
Word,17.47,Frustrating
Word,12.19,Fun
Word,12.12,Neutral
Word,11.87,Fun
Word,15.69,Neutral
Word,13.33,Neutral
Word,11.50,Neutral
Word,9.67,Neutral
Word,9.92,Fun
Word,10.43,Fun
Word,14.43,Neutral
Word,11.62,Neutral
Word,10.49,Neutral
Word,13.58,Neutral
Word,14.69,Neutral
Word,10.61,Fun
Word,11.11,Neutral
Word,12.69,Neutral
Word,11.99,Neutral
Word,12.81,Neutral
Word,15.43,Neutral
Word,11.88,Neutral
Word,11.44,Neutral
Word,12.97,Frustrating
Word,11.90,Neutral
Word,13.26,Fun
Word,11.55,Fun
Word,12.89,Neutral
Word,8.87,Fun
Word,12.03,Neutral
Word,10.97,Neutral
Word,9.62,Fun
Word,11.17,Fun
Word,12.74,Neutral
Word,12.18,Neutral
Word,13.39,Neutral
Word,13.88,Neutral
Word,13.66,Neutral
Word,11.35,Neutral
Word,9.34,Neutral
Word,11.44,Neutral
Word,14.34,Neutral
Word,11.76,Neutral
Word,8.73,Neutral
Word,12.98,Frustrating
Word,12.56,Neutral
Word,11.20,Neutral
Word,12.35,Neutral
Word,14.74,Neutral
Word,14.60,Neutral
Word,11.09,Fun
Word,12.02,Neutral
Word,9.09,Fun
Word,10.54,Fun
Word,16.02,Neutral
Word,15.00,Neutral
Word,11.54,Fun
Word,10.62,Fun
Word,9.27,Neutral
Word,16.25,Neutral
Word,12.23,Neutral
Word,10.81,Neutral
Word,14.16,Fun
Word,9.80,Fun
Word,13.45,Neutral
Word,14.88,Neutral
Word,11.58,Neutral
Word,14.90,Neutral
Word,13.28,Neutral
Word,10.64,Fun
Word,13.15,Neutral
Word,10.59,Fun
Word,10.93,Neutral
Word,13.55,Neutral
Word,11.05,Fun
Word,11.95,Neutral
Word,14.04,Neutral
Word,9.59,Fun
Word,15.19,Neutral
Word,16.08,Neutral
Word,13.23,Neutral
Word,12.84,Fun
Word,11.01,Neutral
Word,12.98,Neutral
Word,11.00,Fun
Word,12.58,Neutral
Word,10.63,Neutral
Word,13.58,Neutral
Word,13.38,Neutral
Word,14.49,Fun
Word,15.96,Neutral
Word,10.71,Fun
Word,13.93,Neutral
Word,9.15,Fun
Word,11.09,Neutral
Word,13.89,Neutral
Word,10.52,Neutral
Word,12.69,Frustrating
Word,10.20,Fun
Word,11.26,Neutral
Word,11.92,Fun
Word,10.78,Neutral
Word,8.11,Neutral
Word,12.49,Neutral
Word,12.95,Neutral
Word,12.27,Neutral
Word,11.02,Fun
Word,13.80,Neutral
Word,14.16,Neutral
Word,7.25,Fun
Word,14.25,Neutral
Word,8.44,Fun
Word,11.31,Fun
Word,9.78,Neutral
Word,10.74,Fun
Word,14.63,Neutral
Word,13.07,Neutral
Word,12.99,Neutral
Word,7.84,Fun
Word,12.39,Fun
Word,13.26,Neutral
Word,13.72,Neutral
Word,10.05,Fun
Word,13.88,Neutral
Word,9.21,Fun
Word,15.48,Neutral
Word,10.40,Fun
Word,13.53,Neutral
Word,12.64,Fun
Word,9.87,Neutral
Word,14.29,Neutral
Word,12.07,Neutral
Word,13.64,Neutral
Word,12.44,Neutral
Word,13.74,Fun
Word,12.04,Fun
Word,14.23,Neutral
Word,11.30,Fun
Word,13.05,Neutral
Word,12.76,Fun
Word,13.69,Neutral
Word,10.76,Neutral
Word,12.36,Neutral
Word,10.84,Neutral
Word,13.82,Neutral
Word,10.73,Neutral
Word,15.46,Neutral
Word,13.58,Fun
Word,11.97,Fun
Word,14.41,Neutral
Word,11.83,Fun
Word,13.13,Neutral
Word,13.06,Fun
Word,12.85,Neutral
Word,10.81,Fun
Word,9.50,Fun
Word,8.64,Neutral
Word,11.09,Fun
Word,13.37,Fun
Word,11.52,Fun
Word,9.59,Fun
Word,16.31,Frustrating
Word,13.40,Neutral
Word,15.89,Frustrating
Word,14.43,Frustrating
Word,10.78,Fun
Word,11.18,Fun
Word,9.12,Fun
Word,13.48,Neutral
Word,15.25,Neutral
Word,10.16,Fun
Word,9.60,Fun
Word,13.77,Neutral
Word,8.97,Neutral
Word,15.84,Frustrating
Word,13.14,Neutral
Word,8.57,Fun
Word,12.71,Fun
Word,12.21,Neutral
Word,7.06,Fun
Word,11.92,Neutral
Word,10.83,Neutral
Word,10.23,Fun
Word,12.48,Fun
Word,13.70,Frustrating
Word,15.45,Neutral
Word,6.73,Fun
Word,13.49,Neutral
Word,10.10,Fun
Word,14.31,Neutral
Word,12.69,Neutral
Word,14.89,Neutral
Word,9.03,Neutral
Word,12.99,Neutral
Word,12.59,Neutral
Word,14.10,Neutral
Word,11.54,Fun
Word,14.29,Neutral
Word,11.11,Fun
Word,11.14,Neutral
Word,12.05,Fun
Word,9.86,Fun
Word,11.09,Neutral
Word,14.22,Frustrating
Word,15.30,Neutral
Word,14.23,Neutral
Word,11.15,Neutral
Word,12.64,Fun
Word,12.20,Neutral
Word,9.48,Fun
Word,12.51,Fun
Word,10.35,Fun
Word,9.88,Fun
Word,13.45,Neutral
Word,10.58,Fun
Word,11.71,Fun
Word,10.05,Fun
Word,12.11,Neutral
Word,12.98,Fun
Word,13.01,Neutral
Word,9.85,Neutral
Word,14.52,Fun
Word,14.99,Neutral
Word,12.75,Fun
Word,12.31,Fun
Word,12.15,Neutral
Word,12.52,Neutral
Word,12.75,Neutral
Word,12.27,Neutral
Word,13.31,Neutral
Word,11.33,Neutral
Word,14.26,Neutral
Word,11.92,Neutral
Word,8.49,Fun
Word,11.80,Neutral
Word,12.89,Neutral
Word,14.46,Neutral
Word,12.12,Neutral
Word,8.12,Fun
Word,12.01,Neutral
Word,9.60,Fun
Word,10.05,Fun
Word,9.95,Fun
Word,10.40,Neutral
Word,14.27,Neutral
Word,10.34,Fun
Word,11.12,Neutral
Word,12.37,Neutral
Word,13.78,Fun
Word,10.67,Neutral
Word,10.35,Fun
Word,10.96,Neutral
Word,9.66,Fun
Word,13.84,Neutral
Word,7.64,Fun
Word,10.94,Fun
Word,9.12,Fun
Word,8.09,Neutral
Word,12.06,Neutral
Word,15.08,Neutral
Word,15.27,Neutral
Word,10.87,Fun
Word,10.61,Fun
Word,10.92,Neutral
Word,13.42,Neutral
Word,6.88,Fun
Word,12.50,Neutral
Word,11.19,Neutral
Word,10.51,Neutral
Word,7.99,Fun
Word,11.59,Neutral
Word,8.70,Neutral
Word,11.97,Neutral
Word,10.21,Fun
Word,12.09,Neutral
Word,12.92,Neutral
Word,10.99,Fun
Word,9.96,Fun
Word,10.78,Fun
Word,10.67,Fun
Word,9.01,Fun
Word,10.44,Fun
Word,11.61,Fun
Word,11.56,Neutral
Word,12.66,Neutral
Word,14.58,Neutral
Word,12.67,Neutral
Word,14.95,Neutral
Word,10.70,Fun
Word,14.70,Neutral
Word,13.19,Neutral
Word,9.62,Fun
Word,12.80,Fun
Word,9.52,Fun
Word,13.89,Neutral
Word,10.92,Neutral
Word,11.53,Neutral
Word,10.64,Neutral
Word,10.30,Neutral
Word,15.40,Neutral
Word,13.98,Neutral
Word,13.35,Frustrating
Word,12.15,Fun
Word,13.47,Neutral
Word,13.32,Neutral
Word,15.21,Frustrating
Word,13.70,Neutral
Word,11.59,Neutral
Word,11.57,Fun
Word,11.06,Fun
Word,11.27,Fun
Word,11.53,Fun
Word,14.45,Neutral
Word,7.34,Fun
Word,10.60,Fun
Word,11.73,Fun
Word,9.43,Fun
Word,15.24,Neutral
Word,11.53,Neutral
Word,9.77,Fun
Word,10.22,Neutral
Word,13.74,Neutral
Word,15.74,Neutral
Word,11.75,Neutral
Word,12.21,Fun
Word,10.10,Fun
Word,14.63,Fun
Word,13.45,Neutral
Word,7.34,Fun
Word,10.71,Fun
Word,11.53,Neutral
Word,9.78,Fun
Word,11.45,Neutral
Word,9.73,Neutral
Word,12.72,Neutral
Word,12.67,Neutral
Word,13.62,Neutral
Word,12.83,Frustrating
Word,15.19,Frustrating
Word,11.23,Neutral
Word,7.69,Fun
Word,12.05,Fun
Word,13.30,Fun
Word,11.20,Neutral
Word,14.80,Neutral
Word,14.19,Neutral
Word,13.07,Neutral
Word,12.14,Fun
Word,10.90,Neutral
Word,11.65,Fun
Word,12.94,Neutral
Word,13.94,Neutral
Word,11.41,Fun
Word,10.54,Fun
Word,16.95,Frustrating
Word,13.04,Neutral
Word,10.19,Fun
Word,13.86,Neutral
Word,12.12,Neutral
Word,13.65,Neutral
Word,12.10,Neutral
Word,11.88,Neutral
Word,12.18,Neutral
Word,12.83,Neutral
Word,10.78,Neutral
Word,10.69,Fun
Word,11.63,Neutral
Word,12.34,Neutral
Word,11.37,Fun
Word,12.63,Neutral
Word,9.80,Fun
Word,9.14,Fun
Word,15.78,Neutral
Word,12.80,Neutral
Word,11.21,Fun
Word,11.44,Neutral
Word,13.57,Neutral
Word,11.58,Fun
Word,12.38,Fun
Word,11.47,Fun
Word,11.00,Fun
Word,13.20,Neutral
Word,12.28,Neutral
Word,14.60,Neutral
Word,9.75,Neutral
Word,11.73,Fun
Word,11.58,Fun
Word,9.85,Fun
Word,14.00,Neutral
Word,11.79,Neutral
Word,9.23,Neutral
Word,10.82,Neutral
Word,9.79,Fun
Word,14.08,Neutral
Word,17.09,Neutral
Word,10.65,Neutral
Word,11.82,Neutral
Word,12.56,Neutral
Word,17.42,Neutral
Word,7.34,Fun
Word,10.97,Neutral
Word,9.59,Fun
Word,11.54,Fun
Word,11.45,Fun
Word,10.54,Fun
Word,15.67,Frustrating
Word,12.51,Neutral
Word,16.79,Neutral
Word,13.65,Neutral
Word,9.47,Fun
Word,10.49,Fun
Word,12.55,Fun
Word,10.84,Fun
Word,12.71,Neutral
Word,13.47,Neutral
Word,12.84,Neutral
Word,11.73,Neutral
Word,10.71,Fun
Word,9.42,Fun
Word,12.68,Neutral
Word,13.84,Neutral
Word,11.84,Fun
Word,13.51,Neutral
Word,16.46,Neutral
Word,15.87,Neutral
Word,11.01,Fun
Word,13.09,Frustrating
Word,10.60,Fun
Word,13.38,Neutral
Word,11.88,Fun
Word,12.56,Neutral
Word,10.28,Neutral
Word,14.41,Neutral
Word,11.83,Frustrating
Word,11.11,Fun
Word,11.85,Neutral
Word,12.15,Fun
Word,15.27,Neutral
Word,9.78,Neutral
Word,16.92,Neutral
Word,10.45,Fun
Word,12.35,Fun
Word,7.88,Fun
Word,10.69,Neutral
Word,13.46,Neutral
Word,13.01,Fun
Word,12.82,Neutral
Word,11.07,Fun
Word,8.31,Fun
Word,9.85,Neutral
Word,11.54,Neutral
Word,13.24,Neutral
Word,13.67,Neutral
Word,11.39,Frustrating
Word,11.70,Neutral
Word,11.67,Fun
Word,12.12,Neutral
Word,15.07,Neutral
Word,10.55,Neutral
Word,11.59,Fun
Word,12.16,Neutral
Word,9.32,Fun
Word,10.16,Neutral
Word,12.40,Neutral
Word,12.85,Fun
Word,14.28,Neutral
Word,11.07,Fun
Word,14.91,Neutral
Word,10.27,Neutral
Word,8.81,Neutral
Word,8.11,Fun
Word,14.21,Neutral
Word,12.61,Neutral
Word,11.74,Neutral
Word,11.41,Neutral
Word,15.17,Neutral
Word,14.40,Fun
Word,9.99,Fun
Word,9.22,Fun
Word,14.17,Frustrating
Word,13.12,Frustrating
Word,10.98,Fun
Word,12.79,Neutral
Word,7.95,Fun
Word,10.67,Fun
Word,12.87,Frustrating
Word,11.85,Fun
Word,9.44,Neutral
Word,14.03,Neutral
Word,14.33,Neutral
Word,10.12,Neutral
Word,11.63,Neutral
Word,13.46,Neutral
Word,13.73,Neutral
Word,10.94,Neutral
Word,10.24,Fun
Word,12.69,Fun
Word,8.17,Fun
Word,10.10,Neutral
Word,13.55,Fun
Word,8.59,Fun
Word,9.60,Neutral
Word,11.52,Neutral
Word,11.40,Neutral
Word,8.49,Fun
Word,13.02,Neutral
Word,9.96,Neutral
Word,11.68,Neutral
Word,11.61,Neutral
Word,13.39,Neutral
Word,11.87,Neutral
Word,11.73,Neutral
Word,15.31,Frustrating
Word,12.74,Neutral
Word,13.25,Neutral
Word,12.95,Neutral
Word,13.14,Fun
Word,14.67,Neutral
Word,11.89,Neutral
Word,12.49,Fun
Word,15.94,Frustrating
Word,10.94,Neutral
Word,14.58,Neutral
Word,10.79,Neutral
Word,15.42,Frustrating
Word,10.67,Neutral
Word,10.37,Neutral
Word,14.07,Fun
Word,13.93,Neutral
Word,13.10,Neutral
Word,12.55,Neutral
Word,12.48,Fun
Word,16.11,Neutral
Word,9.13,Fun
Word,10.03,Fun
Word,9.44,Neutral
Word,13.92,Neutral
Word,11.51,Fun
Word,11.74,Neutral
Word,15.57,Neutral
Word,10.84,Fun
Word,16.05,Frustrating
Word,9.18,Neutral
Word,14.64,Neutral
Word,12.65,Neutral
Word,11.22,Fun
Word,11.65,Frustrating
Word,14.68,Neutral
Word,15.41,Frustrating
Word,8.64,Fun
Word,18.84,Neutral
Word,17.16,Neutral
Word,10.95,Neutral
Word,11.87,Neutral
Word,10.67,Neutral
Word,11.81,Fun
Word,13.48,Neutral
Word,12.21,Fun
Word,12.38,Neutral
Word,14.96,Frustrating
Word,7.59,Fun
Word,11.02,Neutral
Word,12.29,Neutral
Word,10.43,Fun
Word,14.12,Neutral
Word,11.11,Neutral
Word,11.14,Neutral
Word,14.38,Neutral
Word,13.67,Neutral
Logic,10.20,Fun
Logic,9.84,Neutral
Logic,7.60,Fun
Logic,9.11,Neutral
Logic,15.70,Neutral
Logic,10.43,Neutral
Logic,12.33,Neutral
Logic,10.13,Neutral
Logic,11.72,Fun
Logic,10.39,Neutral
Logic,13.23,Neutral
Logic,9.49,Fun
Logic,7.08,Fun
Logic,12.30,Neutral
Logic,10.02,Neutral
Logic,13.43,Neutral
Logic,10.75,Neutral
Logic,13.41,Frustrating
Logic,11.20,Neutral
Logic,9.80,Fun
Logic,11.95,Neutral
Logic,9.58,Fun
Logic,13.87,Neutral
Logic,10.79,Fun
Logic,6.44,Fun
Logic,9.56,Neutral
Logic,7.24,Fun
Logic,6.14,Fun
Logic,10.62,Fun
Logic,11.80,Neutral
Logic,8.98,Fun
Logic,7.84,Fun
Logic,9.30,Neutral
Logic,7.40,Fun
Logic,11.91,Neutral
Logic,11.65,Neutral
Logic,7.31,Neutral
Logic,9.25,Fun
Logic,12.59,Neutral
Logic,10.16,Neutral
Logic,10.52,Fun
Logic,11.33,Neutral
Logic,11.75,Neutral
Logic,12.91,Neutral
Logic,12.05,Neutral
Logic,7.74,Fun
Logic,9.78,Neutral
Logic,11.10,Neutral
Logic,10.28,Neutral
Logic,6.14,Fun
Logic,8.98,Neutral
Logic,12.53,Neutral
Logic,10.82,Fun
Logic,7.55,Fun
Logic,10.93,Neutral
Logic,10.18,Neutral
Logic,11.84,Neutral
Logic,14.71,Frustrating
Logic,7.47,Fun
Logic,9.49,Fun
Logic,10.22,Fun
Logic,6.23,Fun
Logic,10.44,Fun
Logic,9.31,Fun
Logic,14.97,Frustrating
Logic,4.66,Fun
Logic,13.48,Neutral
Logic,12.52,Frustrating
Logic,11.97,Neutral
Logic,10.79,Fun
Logic,9.08,Fun
Logic,12.71,Neutral
Logic,8.73,Fun
Logic,11.89,Neutral
Logic,11.31,Neutral
Logic,12.65,Neutral
Logic,9.31,Fun
Logic,9.34,Neutral
Logic,11.10,Neutral
Logic,11.11,Neutral
Logic,13.25,Neutral
Logic,11.47,Neutral
Logic,10.79,Neutral
Logic,12.19,Neutral
Logic,9.41,Fun
Logic,12.69,Neutral
Logic,8.45,Fun
Logic,11.18,Neutral
Logic,7.09,Neutral
Logic,10.99,Fun
Logic,7.36,Fun
Logic,10.04,Neutral
Logic,6.99,Fun
Logic,9.22,Fun
Logic,8.95,Fun
Logic,11.61,Neutral
Logic,9.34,Neutral
Logic,8.96,Fun
Logic,12.94,Neutral
Logic,13.84,Neutral
Logic,12.69,Neutral
Logic,7.52,Fun
Logic,13.05,Neutral
Logic,8.04,Fun
Logic,10.36,Fun
Logic,11.97,Neutral
Logic,10.07,Neutral
Logic,10.20,Neutral
Logic,10.75,Neutral
Logic,11.36,Neutral
Logic,11.32,Fun
Logic,7.05,Fun
Logic,10.15,Fun
Logic,11.07,Neutral
Logic,11.68,Neutral
Logic,9.87,Neutral
Logic,9.09,Fun
Logic,7.76,Neutral
Logic,9.04,Neutral
Logic,10.26,Fun
Logic,9.23,Neutral
Logic,11.69,Neutral
Logic,11.24,Neutral
Logic,7.28,Fun
Logic,11.13,Neutral
Logic,11.58,Neutral
Logic,9.98,Fun
Logic,10.45,Neutral
Logic,9.64,Fun
Logic,9.91,Fun
Logic,8.49,Fun
Logic,11.35,Neutral
Logic,8.05,Fun
Logic,9.32,Neutral
Logic,8.67,Fun
Logic,8.76,Fun
Logic,9.76,Neutral
Logic,9.53,Neutral
Logic,9.10,Neutral
Logic,9.99,Fun
Logic,7.33,Fun
Logic,10.72,Neutral
Logic,11.76,Neutral
Logic,7.93,Neutral
Logic,7.67,Fun
Logic,14.96,Neutral
Logic,10.98,Neutral
Logic,10.61,Neutral
Logic,10.10,Neutral
Logic,11.49,Fun
Logic,10.57,Fun
Logic,9.41,Neutral
Logic,9.64,Neutral
Logic,9.81,Fun
Logic,9.86,Fun
Logic,9.00,Neutral
Logic,12.65,Neutral
Logic,10.69,Fun
Logic,8.95,Fun
Logic,11.68,Frustrating
Logic,11.20,Neutral
Logic,10.22,Fun
Logic,11.30,Neutral
Logic,8.69,Fun
Logic,10.10,Neutral
Logic,8.50,Fun
Logic,8.13,Fun
Logic,9.84,Neutral
Logic,10.84,Neutral
Logic,8.67,Fun
Logic,10.15,Neutral
Logic,6.84,Fun
Logic,9.61,Neutral
Logic,12.84,Neutral
Logic,8.20,Fun
Logic,8.11,Neutral
Logic,10.06,Neutral
Logic,11.57,Fun
Logic,12.97,Neutral
Logic,15.81,Frustrating
Logic,12.10,Neutral
Logic,11.84,Neutral
Logic,14.56,Neutral
Logic,9.90,Neutral
Logic,10.07,Neutral
Logic,11.01,Neutral
Logic,7.66,Neutral
Logic,6.83,Fun
Logic,14.11,Neutral
Logic,9.35,Neutral
Logic,9.58,Neutral
Logic,8.51,Neutral
Logic,10.79,Fun
Logic,11.68,Neutral
Logic,10.04,Neutral
Logic,10.53,Neutral
Logic,12.40,Neutral
Logic,10.48,Neutral
Logic,9.38,Neutral
Logic,10.38,Neutral
Logic,8.82,Fun
Logic,10.70,Neutral
Logic,8.70,Fun
Logic,13.29,Fun
Logic,5.53,Fun
Logic,11.30,Neutral
Logic,9.52,Neutral
Logic,14.47,Neutral
Logic,10.03,Fun
Logic,11.46,Neutral
Logic,11.27,Neutral
Logic,11.00,Neutral
Logic,11.54,Neutral
Logic,14.49,Neutral
Logic,12.36,Neutral
Logic,10.89,Fun
Logic,14.08,Frustrating
Logic,11.67,Neutral
Logic,11.80,Frustrating
Logic,12.99,Frustrating
Logic,10.82,Fun
Logic,11.95,Neutral
Logic,9.95,Fun
Logic,10.75,Fun
Logic,10.58,Neutral
Logic,9.22,Fun
Logic,14.57,Neutral
Logic,9.38,Fun
Logic,9.79,Neutral
Logic,13.15,Neutral
Logic,10.46,Fun
Logic,12.84,Neutral
Logic,9.29,Fun
Logic,10.47,Neutral
Logic,10.00,Fun
Logic,8.56,Fun
Logic,9.89,Neutral
Logic,9.19,Neutral
Logic,12.21,Neutral
Logic,9.92,Neutral
Logic,10.33,Fun
Logic,8.84,Fun
Logic,10.93,Neutral
Logic,7.28,Fun
Logic,4.60,Fun
Logic,14.26,Neutral
Logic,12.01,Neutral
Logic,11.77,Neutral
Logic,6.03,Fun
Logic,11.85,Neutral
Logic,11.54,Neutral
Logic,10.34,Fun
Logic,12.15,Fun
Logic,12.74,Neutral
Logic,10.26,Neutral
Logic,14.39,Neutral
Logic,12.48,Neutral
Logic,12.95,Neutral
Logic,9.87,Fun
Logic,10.24,Neutral
Logic,8.65,Fun
Logic,11.31,Neutral
Logic,11.03,Fun
Logic,10.68,Neutral
Logic,9.14,Neutral
Logic,10.04,Fun
Logic,14.47,Neutral
Logic,8.64,Neutral
Logic,9.69,Neutral
Logic,7.69,Fun
Logic,8.02,Fun
Logic,9.93,Fun
Logic,9.72,Neutral
Logic,9.27,Fun
Logic,8.95,Fun
Logic,10.11,Neutral
Logic,12.77,Neutral
Logic,9.78,Neutral
Logic,7.93,Neutral
Logic,8.36,Neutral
Logic,6.49,Fun
Logic,7.08,Fun
Logic,9.01,Neutral
Logic,8.55,Fun
Logic,8.20,Fun
Logic,14.48,Neutral
Logic,14.00,Neutral
Logic,15.63,Frustrating
Logic,12.05,Neutral
Logic,10.18,Neutral
Logic,8.41,Fun
Logic,8.30,Fun
Logic,9.51,Fun
Logic,13.06,Neutral
Logic,11.83,Neutral
Logic,12.28,Frustrating
Logic,10.13,Neutral
Logic,7.39,Fun
Logic,11.15,Neutral
Logic,10.07,Neutral
Logic,9.89,Neutral
Logic,14.87,Neutral
Logic,12.24,Neutral
Logic,10.04,Neutral
Logic,6.69,Fun
Logic,9.93,Neutral
Logic,12.48,Neutral
Logic,11.25,Fun
Logic,11.04,Neutral
Logic,12.59,Neutral
Logic,10.16,Neutral
Logic,9.81,Neutral
Logic,9.99,Neutral
Logic,11.97,Neutral
Logic,9.96,Fun
Logic,12.02,Neutral
Logic,8.04,Fun
Logic,7.96,Fun
Logic,10.75,Neutral
Logic,12.02,Neutral
Logic,9.68,Neutral
Logic,9.35,Neutral
Logic,4.82,Fun
Logic,11.25,Neutral
Logic,8.69,Neutral
Logic,11.31,Neutral
Logic,13.35,Neutral
Logic,9.51,Neutral
Logic,11.89,Fun
Logic,10.19,Neutral
Logic,11.24,Neutral
Logic,8.19,Fun
Logic,11.34,Neutral
Logic,13.11,Fun
Logic,14.09,Neutral
Logic,8.13,Fun
Logic,11.57,Fun
Logic,9.48,Fun
Logic,11.55,Neutral
Logic,10.14,Neutral
Logic,10.00,Neutral
Logic,11.86,Neutral
Logic,11.99,Neutral
Logic,11.06,Neutral
Logic,11.43,Neutral
Logic,11.26,Neutral
Logic,11.06,Neutral
Logic,10.68,Fun
Logic,12.33,Neutral
Logic,11.92,Neutral
Logic,12.09,Neutral
Logic,12.71,Neutral
Logic,11.60,Neutral
Logic,10.19,Fun
Logic,8.32,Neutral
Logic,9.52,Neutral
Logic,8.76,Neutral
Logic,9.90,Fun
Logic,9.45,Fun
Logic,10.11,Neutral
Logic,8.45,Neutral
Logic,9.26,Neutral
Logic,11.21,Neutral
Logic,10.93,Neutral
Logic,9.69,Neutral
Logic,12.53,Neutral
Logic,7.22,Fun
Logic,11.47,Neutral
Logic,13.64,Neutral
Logic,9.68,Fun
Logic,11.28,Neutral
Logic,9.38,Neutral
Logic,10.46,Neutral
Logic,12.13,Neutral
Logic,8.67,Fun
Logic,9.39,Neutral
Logic,11.56,Neutral
Logic,11.33,Neutral
Logic,12.11,Neutral
Logic,13.01,Neutral
Logic,12.04,Neutral
Logic,8.34,Fun
Logic,10.81,Neutral
Logic,9.70,Neutral
Logic,10.49,Neutral
Logic,12.33,Neutral
Logic,11.05,Neutral
Logic,10.81,Neutral
Logic,10.26,Fun
Logic,11.29,Neutral
Logic,8.14,Fun
Logic,9.66,Fun
Logic,13.73,Neutral
Logic,11.73,Neutral
Logic,8.58,Fun
Logic,8.04,Neutral
Logic,8.58,Fun
Logic,11.66,Neutral
Logic,11.37,Fun
Logic,9.36,Neutral
Logic,9.76,Fun
Logic,12.46,Neutral
Logic,9.89,Neutral
Logic,10.38,Neutral
Logic,11.21,Neutral
Logic,10.14,Neutral
Logic,9.03,Neutral
Logic,9.67,Fun
Logic,8.34,Fun
Logic,11.44,Neutral
Logic,13.16,Neutral
Logic,10.99,Neutral
Logic,12.13,Neutral
Logic,9.20,Neutral
Logic,10.22,Fun
Logic,10.23,Fun
Logic,7.64,Fun
Logic,10.68,Neutral
Logic,11.46,Neutral
Logic,11.87,Fun
Logic,13.13,Neutral
Logic,7.55,Fun
Logic,11.74,Fun
Logic,11.93,Neutral
Logic,10.08,Neutral
Logic,11.70,Neutral
Logic,7.67,Fun
Logic,10.93,Neutral
Logic,4.24,Fun
Logic,11.12,Neutral
Logic,13.70,Frustrating
Logic,13.58,Neutral
Logic,5.18,Fun
Logic,11.57,Frustrating
Logic,9.80,Neutral
Logic,10.45,Frustrating
Logic,6.07,Fun
Logic,11.27,Neutral
Logic,9.45,Neutral
Logic,11.25,Neutral
Logic,10.12,Fun
Logic,8.45,Fun
Logic,11.17,Fun
Logic,11.69,Fun
Logic,10.61,Fun
Logic,11.63,Neutral
Logic,9.57,Fun
Logic,13.07,Neutral
Logic,9.78,Fun
Logic,9.34,Neutral
Logic,12.58,Neutral
Logic,12.73,Neutral
Logic,11.86,Neutral
Logic,10.94,Neutral
Logic,13.69,Neutral
Logic,8.48,Fun
Logic,12.78,Frustrating
Logic,13.93,Neutral
Logic,10.61,Fun
Logic,11.67,Frustrating
Logic,11.72,Neutral
Logic,12.89,Neutral
Logic,8.78,Fun
Logic,12.29,Fun
Logic,7.08,Fun
Logic,14.65,Neutral
Logic,9.36,Fun
Logic,9.87,Neutral
Logic,11.02,Neutral
Logic,8.00,Fun
Logic,9.97,Fun
Logic,10.62,Neutral
Logic,9.82,Neutral
Logic,14.55,Neutral
Logic,6.93,Fun
Logic,10.29,Fun
Logic,12.86,Neutral
Logic,8.83,Fun
Logic,10.22,Neutral
Logic,14.39,Neutral
Logic,6.77,Fun
Logic,8.89,Fun
Logic,8.10,Fun
Logic,11.76,Neutral
Logic,8.77,Fun
Logic,11.44,Neutral
Logic,9.21,Neutral
Logic,10.19,Neutral
Logic,12.21,Neutral
Logic,10.77,Fun
Logic,6.62,Fun
Logic,9.43,Neutral
Logic,11.93,Neutral
Logic,14.22,Neutral
Logic,8.27,Fun
Logic,10.04,Neutral
Logic,10.34,Fun
Logic,9.03,Neutral
Logic,7.73,Fun
Logic,14.18,Frustrating
Logic,13.46,Neutral
Logic,7.69,Fun
Logic,6.73,Fun
Logic,9.95,Neutral
Logic,11.36,Neutral
Logic,10.24,Fun
Logic,12.76,Neutral
Logic,10.01,Neutral
Logic,8.17,Fun
Logic,13.54,Neutral
Logic,10.03,Neutral
Logic,9.93,Neutral
Logic,9.97,Neutral
Logic,10.61,Fun
Logic,5.86,Fun
Logic,11.87,Fun
Logic,11.94,Fun
Logic,11.76,Neutral
Logic,9.68,Neutral
Logic,10.70,Fun
Logic,7.63,Fun
Logic,11.22,Fun
Logic,8.87,Fun
Logic,13.13,Neutral
Logic,8.65,Fun
Logic,6.38,Fun
Logic,10.85,Neutral
Logic,7.24,Fun
Logic,8.64,Neutral
Logic,12.11,Neutral
Logic,14.24,Frustrating
Logic,9.97,Neutral
Logic,12.44,Neutral
Logic,7.75,Fun
Logic,13.96,Neutral
Logic,10.49,Fun
Logic,8.94,Neutral
Logic,11.30,Neutral
Logic,8.88,Fun
Logic,10.60,Neutral
Logic,10.70,Neutral
Logic,12.84,Neutral
Logic,9.37,Neutral
Logic,9.75,Neutral
Logic,10.75,Fun
Logic,12.29,Neutral
Logic,14.29,Neutral
Logic,13.66,Neutral
Logic,12.42,Fun
Logic,6.69,Fun
Logic,12.39,Neutral
Logic,12.01,Neutral
Logic,9.10,Neutral
Logic,9.37,Neutral
Logic,7.76,Fun
Logic,10.47,Neutral
Logic,10.68,Fun
Logic,6.99,Fun
Logic,7.34,Fun
Logic,10.85,Fun
Logic,8.45,Fun
Logic,9.90,Neutral
Logic,12.52,Neutral
Logic,9.65,Neutral
Logic,10.75,Neutral
Logic,11.73,Neutral
Logic,8.25,Fun
Logic,12.99,Neutral
Logic,12.33,Neutral
Logic,13.05,Neutral
Logic,9.65,Neutral
Logic,7.57,Neutral
Logic,11.52,Neutral
Logic,11.74,Neutral
Logic,15.58,Frustrating
Logic,13.94,Frustrating
Logic,9.57,Neutral
Logic,8.49,Fun
Logic,11.74,Neutral
Logic,14.49,Frustrating
Logic,8.13,Fun
Logic,8.94,Fun
Logic,14.00,Neutral
Logic,14.17,Neutral
Logic,10.89,Neutral
Logic,7.26,Fun
Logic,9.41,Neutral
Logic,12.83,Neutral
Logic,14.81,Frustrating
Logic,10.47,Fun
Logic,9.24,Fun
Logic,11.11,Neutral
Logic,10.79,Neutral
Logic,8.68,Fun
Logic,11.68,Frustrating
Logic,13.28,Neutral
Logic,10.53,Neutral
Logic,11.75,Neutral
Logic,11.00,Neutral
Logic,11.42,Neutral
Logic,10.07,Neutral
Logic,12.90,Neutral
Logic,10.96,Neutral
Logic,9.49,Neutral
Logic,11.76,Neutral
Logic,12.41,Neutral
Logic,10.35,Fun
Logic,5.14,Fun
Logic,13.77,Neutral
Logic,9.00,Fun
Logic,9.80,Neutral
Logic,13.74,Neutral
Logic,6.70,Fun
Logic,8.29,Fun
Logic,9.00,Fun
Logic,7.87,Neutral
Logic,12.71,Neutral
Logic,13.03,Neutral
Logic,11.50,Neutral
Logic,9.62,Fun
Logic,9.65,Neutral
Logic,9.36,Neutral
Logic,9.45,Fun
Logic,11.47,Neutral
Logic,12.32,Neutral
Logic,9.59,Neutral
Logic,11.14,Neutral
Logic,5.73,Fun
Logic,10.65,Neutral
Logic,8.74,Neutral
Logic,12.70,Frustrating
Logic,12.87,Neutral
Logic,6.11,Fun
Logic,12.34,Neutral
Logic,9.37,Fun
Logic,10.17,Fun
Logic,12.30,Neutral
Logic,11.88,Neutral
Logic,8.86,Neutral
Logic,11.14,Neutral
Logic,9.57,Neutral
Logic,13.00,Frustrating
Logic,7.36,Fun
Logic,12.14,Fun
Logic,13.28,Frustrating
Logic,5.28,Fun
Logic,11.80,Neutral
Logic,9.77,Fun
Logic,10.72,Fun
Logic,9.96,Neutral
Logic,11.88,Frustrating
Logic,12.36,Neutral
Logic,11.69,Neutral
Logic,10.29,Fun
Logic,9.65,Fun
Logic,10.22,Neutral
Logic,10.05,Fun
Logic,10.91,Fun
Logic,8.85,Neutral
Logic,11.67,Neutral
Logic,8.50,Fun
Logic,7.53,Fun
Logic,11.02,Neutral
Logic,11.33,Neutral
Logic,12.55,Neutral
Logic,11.95,Neutral
Logic,10.94,Neutral
Logic,11.88,Neutral
Logic,8.54,Fun
Logic,8.22,Fun
Logic,8.07,Neutral
Logic,10.59,Fun
Logic,11.82,Fun
Logic,12.31,Neutral
Logic,13.47,Frustrating
Logic,11.16,Neutral
Logic,10.24,Neutral
Logic,9.18,Neutral
Logic,11.01,Neutral
Logic,10.37,Neutral
Logic,9.85,Neutral
Logic,9.15,Fun
Logic,8.49,Fun
Logic,8.53,Fun
Logic,13.44,Frustrating
Logic,11.00,Neutral
Logic,9.64,Neutral
Logic,7.34,Fun
Logic,10.89,Neutral
Logic,9.51,Fun
Logic,10.33,Neutral
Logic,10.09,Neutral
Logic,12.05,Neutral
Logic,10.36,Neutral
Logic,10.14,Neutral
Logic,15.25,Neutral
Logic,12.67,Neutral
Logic,10.76,Neutral
Logic,9.04,Fun
Logic,12.86,Neutral
Logic,8.63,Fun
Logic,10.40,Neutral
Logic,12.21,Neutral
Logic,9.68,Fun
Logic,9.77,Neutral
Logic,11.38,Neutral
Logic,10.78,Fun
Logic,10.00,Fun
Logic,10.08,Neutral
Logic,11.00,Neutral
Logic,11.43,Neutral
Logic,13.09,Frustrating
Logic,9.66,Neutral
Logic,13.13,Neutral
Logic,7.57,Fun
Logic,9.21,Fun
Logic,7.79,Fun
Logic,11.12,Neutral
Logic,11.34,Fun
Logic,7.77,Fun
Logic,10.60,Fun
Logic,8.67,Neutral
Logic,11.49,Neutral
Logic,7.39,Fun
Logic,12.23,Neutral
Logic,10.41,Fun
Logic,8.43,Fun
Logic,10.33,Fun
Logic,9.97,Neutral
Logic,9.77,Fun
Logic,7.51,Neutral
Logic,9.33,Fun
Logic,10.15,Neutral
Logic,7.53,Fun
Logic,11.10,Neutral
Logic,13.25,Neutral
Logic,12.06,Neutral
Logic,8.90,Fun
Logic,9.19,Neutral
Logic,9.57,Neutral
Logic,11.71,Neutral
Logic,10.42,Neutral
Logic,8.61,Fun
Logic,7.48,Fun
Logic,11.62,Neutral
Logic,8.41,Fun
Logic,11.49,Neutral
Logic,10.65,Neutral
Logic,11.94,Neutral
Logic,12.69,Fun
Logic,7.65,Fun
Logic,12.54,Frustrating
Logic,11.88,Neutral
Logic,9.89,Fun
Logic,10.46,Neutral
Logic,11.48,Neutral
Logic,11.82,Neutral
Logic,7.07,Fun
Logic,13.42,Neutral
Logic,7.68,Neutral
Logic,6.34,Fun
Logic,12.41,Neutral
Logic,7.48,Fun
Logic,10.05,Neutral
Logic,7.81,Fun
Logic,6.91,Fun
Logic,9.62,Neutral
Logic,11.79,Neutral
Logic,11.13,Neutral
Logic,9.22,Neutral
Logic,10.47,Fun
Logic,10.30,Neutral
Logic,10.45,Neutral
Logic,9.61,Neutral
Logic,11.22,Neutral
Logic,8.33,Fun
Logic,11.26,Neutral
Logic,9.82,Neutral
Logic,9.83,Neutral
Logic,11.91,Neutral
Logic,9.64,Neutral
Logic,8.53,Fun
Logic,8.09,Fun
Logic,11.84,Neutral
Logic,5.83,Neutral
Logic,9.67,Neutral
Logic,10.86,Fun
Logic,7.75,Fun
Logic,10.51,Fun
Logic,11.84,Neutral
Logic,6.85,Fun
Logic,8.73,Fun
Logic,14.02,Neutral
Logic,9.19,Neutral
Logic,8.57,Neutral
Logic,8.78,Fun
Logic,9.63,Fun
Logic,10.87,Neutral
Logic,9.09,Neutral
Logic,10.90,Neutral
Logic,11.90,Fun
Logic,11.17,Neutral
Logic,12.00,Neutral
Logic,8.90,Neutral
Logic,10.25,Fun
Logic,11.83,Neutral
Logic,10.61,Neutral
Logic,10.93,Fun
Logic,10.60,Neutral
Logic,10.87,Neutral
Logic,10.45,Fun
Logic,8.30,Neutral
Logic,10.85,Neutral
Logic,9.59,Fun
Logic,13.37,Frustrating
Logic,9.44,Neutral
Logic,10.80,Neutral
Logic,6.55,Fun
Logic,9.18,Neutral
Logic,8.84,Neutral
Logic,12.96,Neutral
Logic,10.20,Fun
Logic,10.79,Neutral
Logic,11.10,Neutral
Logic,9.44,Neutral
Logic,11.10,Neutral
Logic,13.51,Neutral
Logic,11.73,Neutral
Logic,11.93,Neutral
Logic,8.83,Fun
Logic,10.86,Neutral
Logic,11.09,Neutral
Logic,9.19,Fun
Logic,10.73,Fun
Logic,14.45,Frustrating
Logic,8.55,Neutral
Logic,11.61,Neutral
Logic,8.35,Neutral
Logic,11.20,Neutral
Logic,8.42,Fun
Logic,11.68,Neutral
Logic,7.96,Fun
Logic,10.54,Neutral
Logic,13.18,Frustrating
Logic,10.06,Fun
Logic,10.29,Neutral
Logic,13.31,Fun
Logic,14.57,Frustrating
Logic,15.47,Neutral
Logic,9.71,Neutral
Logic,8.39,Fun
Logic,11.80,Neutral
Logic,11.37,Neutral
Logic,13.07,Neutral
Logic,10.80,Neutral
Logic,10.82,Neutral
Logic,13.53,Neutral
Logic,10.82,Neutral
Logic,11.86,Neutral
Logic,11.47,Neutral
Logic,10.41,Neutral
Logic,9.43,Neutral
Logic,9.82,Fun
Logic,6.60,Fun
Logic,13.06,Frustrating
Logic,7.31,Fun
Logic,9.32,Neutral
Logic,9.76,Neutral
Logic,12.91,Neutral
Logic,10.62,Neutral
Logic,12.39,Neutral
Logic,9.91,Fun
Logic,13.84,Neutral
Logic,11.47,Neutral
Logic,11.59,Neutral
Logic,12.26,Neutral
Logic,7.54,Fun
Logic,10.48,Neutral
Logic,10.93,Neutral
Logic,8.97,Neutral
Logic,10.52,Fun
Logic,9.06,Neutral
Logic,10.94,Fun
Logic,6.93,Fun
Logic,11.07,Neutral
Logic,9.23,Fun
Logic,12.38,Neutral
Logic,6.55,Fun
Logic,10.59,Neutral
Logic,10.06,Neutral
Logic,12.38,Neutral
Logic,7.34,Fun
Logic,9.40,Neutral
Logic,11.92,Neutral
Logic,11.73,Neutral
Logic,11.21,Neutral
Logic,11.08,Neutral
Logic,7.16,Neutral
Logic,12.20,Frustrating
Logic,10.93,Neutral
Logic,6.87,Fun
Logic,10.15,Fun
Logic,12.41,Neutral
Logic,11.91,Neutral
Logic,9.24,Neutral
Logic,12.32,Neutral
Logic,9.71,Fun
Logic,11.26,Neutral
Logic,12.36,Neutral
Logic,11.28,Neutral
Logic,9.19,Fun
Logic,12.14,Neutral
Logic,13.45,Neutral
Logic,8.64,Fun
Logic,10.14,Neutral
Logic,12.51,Neutral
Logic,8.80,Fun
Logic,7.06,Fun
Logic,9.51,Neutral
Logic,12.63,Neutral
Logic,7.78,Fun
Logic,10.00,Fun
Logic,12.42,Neutral
Logic,10.59,Neutral
Logic,11.63,Neutral
Logic,13.75,Neutral
Logic,12.30,Neutral
Logic,11.68,Fun
Logic,11.48,Neutral
Logic,8.18,Fun
Logic,12.18,Neutral
Logic,11.58,Neutral
Logic,11.31,Neutral
Logic,10.61,Fun
Logic,7.96,Neutral
Logic,10.81,Neutral
Logic,13.01,Neutral
Logic,9.28,Fun
Logic,6.90,Fun
Logic,14.18,Neutral
Logic,9.37,Fun
Logic,12.78,Neutral
Logic,11.75,Neutral
Logic,13.82,Fun
Logic,10.42,Neutral
Logic,9.90,Frustrating
Logic,13.96,Frustrating
Logic,14.81,Frustrating
Logic,11.14,Neutral
Logic,10.84,Neutral
Logic,11.98,Neutral
Logic,9.15,Fun
Logic,11.50,Neutral
Logic,8.52,Neutral
Logic,9.91,Fun
Logic,12.09,Neutral
Logic,8.97,Neutral
Logic,12.20,Neutral
Logic,11.50,Frustrating
Logic,13.37,Neutral
Logic,14.83,Neutral
Logic,9.35,Neutral
Logic,11.28,Fun
Logic,13.62,Neutral
Logic,10.90,Neutral
Logic,9.19,Fun
Logic,8.50,Fun
Logic,13.30,Neutral
Logic,15.70,Frustrating
Logic,8.41,Fun
Logic,10.72,Neutral
Logic,7.36,Neutral
Logic,10.64,Neutral
Logic,9.89,Neutral
Logic,10.48,Neutral
Logic,16.29,Neutral
Logic,7.70,Fun
Logic,11.36,Neutral
Logic,14.17,Frustrating
Logic,9.28,Fun
Logic,8.86,Neutral
Logic,10.60,Neutral
Logic,13.10,Neutral
Logic,9.81,Neutral
Logic,8.45,Fun
Logic,10.64,Fun
Logic,6.46,Fun
Logic,7.55,Fun
Logic,12.67,Neutral
Logic,11.42,Neutral
Logic,6.15,Fun
Logic,11.74,Neutral
Logic,5.89,Fun
Logic,9.61,Fun
Logic,11.10,Neutral
Logic,7.64,Neutral
Logic,13.03,Neutral
Logic,12.93,Neutral
Logic,9.15,Fun
Logic,12.74,Neutral
Logic,10.89,Fun
Logic,11.80,Neutral
Logic,11.84,Neutral
Logic,7.93,Fun
Logic,6.45,Fun
Logic,14.91,Neutral
Logic,10.96,Fun
Logic,11.25,Neutral
Logic,8.11,Neutral
Logic,12.77,Neutral
Logic,14.18,Neutral
Logic,13.56,Neutral
Logic,6.45,Fun
Logic,8.42,Neutral
Logic,10.70,Neutral
Logic,11.89,Neutral
Logic,9.41,Fun
Logic,8.78,Fun
Logic,10.96,Neutral
Logic,8.61,Neutral
Logic,14.59,Neutral
Logic,6.85,Fun
Logic,11.52,Fun
Logic,6.51,Fun
Logic,9.51,Fun
Logic,13.47,Neutral
Logic,12.74,Neutral
Logic,7.70,Fun
Logic,7.55,Neutral
Logic,10.62,Neutral
Logic,8.59,Fun
Logic,11.31,Neutral
Logic,8.53,Neutral
Logic,7.28,Fun
Logic,9.64,Neutral
Logic,8.05,Fun
Logic,12.67,Neutral
Logic,9.83,Fun
Logic,10.42,Neutral
Logic,13.26,Neutral
Logic,14.22,Neutral
Logic,10.39,Neutral
Logic,11.17,Neutral
Logic,13.12,Neutral
Logic,10.15,Fun
Logic,8.41,Fun
Logic,12.49,Neutral
Logic,7.45,Fun
Logic,10.01,Neutral
Logic,9.70,Neutral
Logic,9.45,Fun
Logic,4.99,Fun
Logic,9.33,Fun
Logic,13.03,Neutral
Logic,9.56,Fun
Logic,9.26,Fun
Logic,9.17,Neutral
Logic,8.75,Fun
Logic,10.79,Neutral
Logic,11.69,Neutral
Logic,13.40,Neutral
Logic,7.37,Fun
Logic,11.29,Fun
Logic,10.19,Neutral
Logic,11.07,Neutral
Logic,8.44,Neutral
Logic,10.59,Fun
Logic,8.19,Fun
Logic,11.82,Neutral
Logic,8.61,Fun
Logic,10.63,Neutral
Logic,6.25,Fun
Logic,11.15,Neutral
Logic,12.72,Neutral
Logic,12.03,Neutral
Logic,12.61,Neutral
Logic,7.79,Fun
Logic,10.16,Neutral
Logic,10.36,Neutral
Logic,11.94,Neutral
Logic,10.16,Neutral
Logic,10.09,Neutral
Logic,13.86,Neutral
Logic,12.68,Neutral
Logic,6.99,Fun
Logic,9.73,Fun
Logic,8.52,Neutral
Logic,16.44,Neutral
Logic,9.51,Fun
Logic,12.80,Neutral
Logic,10.69,Neutral
Logic,10.72,Neutral
Logic,11.49,Neutral
Logic,10.21,Neutral
Logic,12.17,Neutral
Logic,11.62,Neutral
Logic,7.13,Neutral
Logic,9.39,Fun
Logic,9.45,Neutral
Logic,9.49,Neutral
Logic,12.63,Neutral
Logic,13.47,Neutral
Logic,8.66,Fun
Logic,11.58,Fun
Logic,8.16,Fun
Logic,9.39,Neutral
Logic,11.10,Neutral
Logic,10.12,Neutral
Logic,9.14,Fun
Logic,7.99,Fun
Logic,9.88,Neutral
Logic,10.60,Fun
Logic,11.62,Neutral
Logic,8.75,Fun
Logic,11.67,Neutral
Logic,8.17,Neutral
Logic,9.41,Neutral
Logic,11.40,Neutral
Logic,9.11,Fun
Logic,8.94,Fun
Logic,10.41,Neutral
Logic,10.57,Neutral
Logic,12.37,Neutral
Logic,10.03,Fun
Logic,7.10,Fun
Logic,9.19,Fun
Logic,9.24,Fun
Logic,8.64,Neutral
Logic,11.14,Fun
Logic,15.50,Frustrating
Logic,12.09,Neutral
Logic,10.19,Neutral
Logic,11.51,Frustrating
Logic,13.39,Neutral
Logic,9.88,Neutral
Logic,11.83,Neutral
Logic,11.62,Neutral
Logic,10.25,Neutral
Logic,10.61,Fun
Logic,11.80,Neutral
Logic,10.45,Fun
Logic,9.82,Fun
Logic,9.31,Neutral
Logic,11.08,Neutral
Logic,10.39,Neutral
Logic,9.76,Neutral
Logic,10.85,Neutral
Logic,8.95,Fun
Logic,8.90,Neutral
Logic,13.25,Neutral
Logic,8.74,Fun
Logic,11.13,Fun
Logic,8.56,Fun
Logic,10.04,Neutral
Logic,11.28,Neutral
Logic,8.48,Fun
Logic,11.69,Neutral
Logic,10.94,Fun
Logic,9.87,Fun
Logic,10.99,Neutral
Logic,10.65,Neutral
Logic,8.82,Fun
Logic,7.71,Fun
Logic,10.71,Fun
Logic,8.49,Fun
Logic,10.43,Neutral
Logic,7.20,Fun
Logic,8.64,Fun
Logic,11.04,Fun
Logic,12.59,Neutral
Logic,10.84,Neutral
Logic,8.51,Neutral
Logic,9.67,Neutral
Logic,12.69,Neutral
Logic,11.54,Fun
Logic,12.07,Neutral
Logic,12.49,Neutral
Logic,11.25,Fun
Logic,12.72,Fun
Logic,8.55,Fun
Logic,11.10,Neutral
Logic,9.82,Neutral
Logic,10.90,Neutral
Logic,13.15,Neutral
Logic,11.51,Neutral
Logic,9.24,Neutral
Logic,9.80,Neutral
Logic,8.60,Neutral
Logic,10.32,Fun
Logic,9.50,Neutral
Logic,12.08,Neutral
Logic,9.51,Neutral
Logic,11.92,Neutral
Logic,11.94,Neutral
Logic,9.63,Neutral
Logic,13.35,Frustrating
Logic,10.55,Fun
Logic,9.19,Fun
Logic,10.65,Fun
Logic,8.52,Fun
Logic,11.80,Neutral
Logic,8.71,Fun
Logic,13.09,Neutral
Logic,6.35,Fun
Logic,8.28,Fun
Logic,9.82,Neutral
Logic,9.10,Fun
Logic,13.19,Neutral
Logic,10.38,Fun
Logic,11.21,Neutral
Logic,11.91,Neutral
Logic,10.81,Fun
Logic,12.42,Frustrating
Logic,11.38,Neutral
Logic,11.90,Neutral
Logic,7.53,Fun
Logic,8.25,Fun
Logic,6.05,Fun
Logic,9.99,Fun
Logic,13.36,Neutral
Logic,8.54,Fun
Logic,11.13,Neutral
Logic,11.38,Fun
Logic,10.98,Fun
Logic,9.93,Neutral
Logic,9.26,Fun
Logic,9.23,Neutral
Logic,10.53,Neutral
Logic,13.10,Neutral
Logic,8.91,Neutral
Logic,10.25,Neutral
Logic,10.70,Fun
Logic,12.08,Neutral
Logic,10.04,Neutral
Logic,11.78,Neutral
Logic,7.51,Fun
Logic,11.94,Neutral
Logic,10.69,Neutral
Logic,8.31,Fun
Logic,5.84,Fun
Logic,9.77,Neutral
Logic,11.84,Neutral
Logic,11.14,Neutral
Logic,9.77,Neutral
Logic,10.60,Neutral
Logic,10.81,Neutral
Logic,9.00,Fun
Logic,10.61,Fun
Logic,10.72,Fun
Logic,9.05,Fun
Logic,10.90,Neutral
Logic,11.12,Fun
Logic,11.55,Neutral
Logic,11.92,Neutral
Logic,11.32,Neutral
Logic,11.10,Neutral
Logic,10.31,Neutral
Logic,11.40,Neutral
Logic,7.96,Fun
Logic,11.81,Fun
Logic,9.43,Fun
Logic,15.18,Frustrating
Logic,9.31,Neutral
Logic,4.72,Fun
Logic,13.24,Neutral
Logic,9.30,Fun
Logic,11.69,Neutral
Logic,10.95,Fun
Logic,12.69,Neutral
Logic,8.69,Fun
Logic,8.12,Fun
Logic,12.63,Neutral
Logic,8.58,Fun
Logic,7.43,Fun
Logic,12.06,Neutral
Logic,10.37,Neutral
Logic,15.06,Frustrating
Logic,11.19,Fun
Logic,9.79,Neutral
Logic,9.25,Neutral
Logic,13.87,Frustrating
Logic,8.07,Fun
Logic,11.73,Neutral
Logic,11.62,Fun
Logic,9.35,Neutral
Logic,13.57,Neutral
Logic,9.00,Fun
Logic,10.46,Neutral
Logic,11.28,Neutral
Logic,15.15,Neutral
Logic,11.73,Neutral
Logic,13.96,Frustrating
Logic,9.04,Neutral
Logic,7.01,Neutral
Logic,12.28,Neutral
Logic,7.24,Fun
Logic,7.82,Fun
Logic,11.72,Neutral
Logic,10.39,Fun
Logic,12.19,Neutral
Logic,13.37,Neutral
Logic,12.33,Neutral
Logic,11.26,Neutral
Logic,11.60,Fun
Logic,10.79,Neutral
Logic,13.92,Neutral
Logic,10.60,Neutral
Logic,12.11,Neutral
Logic,8.62,Fun
Logic,10.58,Neutral
Logic,6.50,Fun
Logic,10.78,Neutral
Logic,7.52,Fun
Logic,10.23,Fun
Logic,10.02,Fun
Logic,12.44,Fun
Logic,9.22,Fun
Logic,9.17,Neutral
Logic,6.55,Fun
Logic,11.74,Neutral
Logic,12.68,Neutral
Logic,10.05,Neutral
Logic,13.46,Neutral
Logic,9.68,Neutral
Logic,8.50,Neutral
Logic,10.96,Neutral
Logic,11.87,Neutral
Logic,7.51,Fun
Logic,7.23,Fun
Logic,10.59,Neutral
Logic,11.46,Fun
Logic,5.81,Neutral
Logic,7.09,Fun
Logic,11.12,Neutral
Logic,12.28,Neutral
Logic,9.74,Neutral
Logic,12.90,Neutral
Logic,9.27,Fun
Logic,10.17,Fun
Logic,13.20,Neutral
Logic,10.34,Neutral
Logic,10.55,Neutral
Logic,8.70,Fun
Logic,10.63,Neutral
Logic,9.21,Fun
Logic,6.90,Fun
Logic,8.56,Fun
Logic,10.02,Neutral
Logic,10.83,Neutral
Logic,12.64,Neutral
Logic,10.58,Neutral
Logic,10.25,Neutral
Logic,12.71,Fun
Logic,15.33,Neutral
Logic,10.33,Fun
Logic,12.86,Neutral
Logic,11.47,Neutral
Logic,10.35,Fun
Logic,6.66,Fun
Logic,8.56,Neutral
Logic,9.39,Fun
Logic,8.28,Neutral
Logic,8.18,Fun
Logic,9.67,Neutral
Logic,12.40,Neutral
Logic,8.66,Neutral
Logic,10.74,Neutral
Logic,10.09,Fun
Logic,12.09,Neutral
Logic,10.58,Fun
Logic,10.16,Neutral
Logic,9.33,Neutral
Logic,12.28,Fun
Logic,12.78,Neutral
Logic,10.54,Neutral
Logic,17.04,Frustrating
Logic,10.49,Neutral
Logic,16.35,Frustrating
Logic,10.23,Fun
Logic,7.36,Fun
Logic,7.65,Fun
Logic,8.76,Neutral
Logic,13.46,Neutral
Logic,13.91,Neutral
Logic,11.30,Neutral
Logic,11.12,Neutral
Logic,9.43,Neutral
Logic,9.15,Neutral
Logic,9.06,Neutral
Logic,8.76,Fun
Logic,9.42,Fun
Logic,9.25,Fun
Logic,11.56,Neutral
Logic,12.04,Neutral
Logic,13.71,Frustrating
Logic,5.60,Fun
Logic,11.49,Neutral
Logic,9.86,Fun
Logic,9.97,Neutral
Logic,7.22,Fun
Logic,10.43,Fun
Logic,8.95,Neutral
Logic,11.21,Neutral
Logic,8.27,Fun
Logic,17.39,Frustrating
Logic,8.94,Fun
Logic,9.94,Neutral
Logic,8.04,Fun
Logic,9.85,Fun
Logic,14.77,Neutral
Logic,9.73,Fun
Logic,11.72,Neutral
Logic,8.62,Fun
Logic,13.58,Neutral
Logic,11.44,Neutral
Logic,9.07,Neutral
Logic,10.96,Neutral
Logic,9.73,Neutral
Logic,11.52,Neutral
Logic,8.88,Fun
Logic,11.43,Neutral
Logic,13.67,Neutral
Logic,13.03,Neutral
Logic,11.11,Fun
Logic,11.17,Neutral
Logic,11.34,Neutral
Logic,12.30,Neutral
Logic,11.27,Fun
Logic,11.71,Neutral
Logic,11.78,Neutral
Logic,10.96,Fun
Logic,11.94,Fun
Logic,10.62,Fun
Logic,12.52,Neutral
Logic,9.64,Fun
Logic,10.89,Neutral
Logic,10.56,Neutral
Logic,8.35,Neutral
Logic,12.90,Neutral
Logic,8.18,Fun
Logic,13.11,Neutral
Logic,8.36,Fun
Logic,8.54,Fun
Logic,12.22,Neutral
Logic,10.34,Fun
Logic,6.81,Fun
Logic,13.51,Neutral
Logic,5.52,Fun
Logic,9.11,Neutral
Logic,7.46,Neutral
Logic,9.36,Neutral
Logic,10.68,Neutral
Logic,9.83,Neutral
Logic,9.34,Neutral
Logic,10.17,Fun
Logic,11.04,Fun
Logic,8.79,Fun
Logic,6.35,Fun
Logic,8.65,Fun
Logic,6.69,Fun
Logic,11.77,Neutral
Logic,14.24,Neutral
Logic,8.21,Fun
Logic,8.73,Fun
Logic,8.75,Fun
Logic,12.08,Neutral
Logic,10.56,Fun
Logic,11.48,Neutral
Logic,12.04,Fun
Logic,11.00,Fun
Logic,11.40,Neutral
Logic,8.17,Neutral
Logic,10.38,Fun
Logic,9.27,Neutral
Logic,7.89,Fun
Logic,8.16,Fun
Logic,12.38,Neutral
Logic,7.90,Fun
Logic,9.69,Neutral
Logic,12.47,Neutral
Logic,11.16,Neutral
Logic,11.80,Neutral
Logic,11.16,Neutral
Logic,10.20,Neutral
Logic,6.10,Fun
Logic,9.28,Fun
Logic,7.74,Fun
Logic,9.74,Neutral
Logic,14.61,Neutral
Logic,10.78,Neutral
Logic,9.06,Neutral
Logic,12.28,Neutral
Logic,11.48,Neutral
Logic,10.34,Fun
Logic,10.04,Neutral
Logic,10.21,Neutral
Logic,10.36,Neutral
Logic,11.74,Neutral
Logic,10.76,Fun
Logic,9.25,Neutral
Logic,12.17,Neutral
Logic,9.10,Neutral
Logic,13.12,Neutral
Logic,8.54,Fun
Logic,12.00,Neutral
Logic,13.02,Neutral
Logic,12.94,Fun
Logic,10.28,Neutral
Logic,11.88,Neutral
Logic,6.22,Fun
Logic,11.39,Neutral
Logic,10.28,Neutral
Logic,11.70,Neutral
Logic,10.72,Neutral
Logic,13.09,Frustrating
Logic,10.16,Neutral
Logic,11.97,Neutral
Logic,10.29,Fun
Logic,11.81,Neutral
Logic,8.04,Fun
Logic,11.71,Neutral
Logic,9.72,Fun
Logic,11.29,Neutral
Logic,8.75,Fun
Logic,11.58,Fun
Logic,16.48,Frustrating
Logic,13.58,Neutral
Logic,12.46,Frustrating
Logic,9.26,Neutral
Logic,11.15,Neutral
Logic,10.18,Fun
Logic,6.53,Fun
Logic,10.02,Neutral
Logic,9.87,Neutral
Logic,10.32,Fun
Logic,9.44,Fun
Logic,11.80,Neutral
Logic,14.34,Neutral
Logic,12.81,Neutral
Logic,11.82,Neutral
Logic,10.61,Neutral
Logic,10.65,Fun
Logic,12.82,Neutral
Logic,13.06,Neutral
Logic,9.32,Neutral
Logic,12.40,Neutral
Logic,8.13,Fun
Logic,8.11,Fun
Logic,13.69,Neutral
Logic,10.57,Neutral
Logic,10.57,Fun
Logic,12.46,Neutral
Logic,10.11,Fun
Logic,8.81,Fun
Logic,10.78,Neutral
Logic,7.08,Neutral
Logic,9.56,Neutral
Logic,10.19,Neutral
Logic,7.61,Fun
Logic,10.87,Fun
Logic,9.03,Neutral
Logic,12.73,Neutral
Logic,9.94,Neutral
Logic,8.32,Fun
Logic,10.98,Neutral
Logic,10.39,Neutral
Logic,10.58,Fun
Logic,10.93,Fun
Logic,9.71,Fun
Logic,9.85,Fun
Logic,11.80,Neutral
Logic,13.75,Neutral
Logic,6.65,Fun
Logic,10.23,Neutral
Logic,12.46,Fun
Logic,8.14,Fun
Logic,12.83,Neutral
Logic,9.74,Neutral
Logic,11.92,Neutral
Logic,13.45,Neutral
Logic,12.30,Neutral
Logic,12.93,Fun
Logic,6.08,Fun
Logic,7.95,Fun
Logic,11.66,Fun
Logic,8.68,Fun
Logic,9.40,Fun
Logic,13.27,Neutral
Logic,10.73,Fun
Logic,10.59,Fun
Logic,10.01,Neutral
Logic,7.30,Neutral
Logic,6.74,Fun
Logic,10.06,Neutral
Logic,11.21,Neutral
Logic,7.86,Fun
Logic,6.88,Fun
Logic,13.05,Neutral
Logic,11.51,Neutral
Logic,11.46,Neutral
Logic,12.33,Neutral
Logic,11.61,Neutral
Logic,8.39,Fun
Logic,13.00,Neutral
Logic,7.95,Fun
Logic,9.54,Neutral
Logic,11.17,Neutral
Logic,11.06,Neutral
Logic,11.68,Neutral
Logic,12.25,Frustrating
Logic,8.88,Fun
Logic,7.93,Fun
Logic,8.16,Fun
Logic,11.65,Neutral
Logic,9.57,Neutral
Logic,11.33,Neutral
Logic,12.87,Neutral
Logic,9.16,Neutral
Logic,12.35,Neutral
Logic,9.21,Neutral
Logic,11.73,Neutral
Logic,10.57,Neutral
Logic,8.80,Neutral
Logic,12.40,Neutral
Logic,11.95,Neutral
Logic,8.76,Fun
Logic,10.58,Fun
Logic,15.54,Frustrating
Logic,9.00,Fun
Logic,10.17,Neutral
Logic,13.31,Neutral
Logic,8.27,Fun
Logic,15.26,Neutral
Logic,9.17,Fun
Logic,9.46,Fun
Logic,10.42,Neutral
Logic,12.65,Neutral
Logic,16.97,Frustrating
Logic,11.47,Neutral
Logic,11.74,Frustrating
Logic,7.75,Neutral
Logic,10.78,Neutral
Logic,5.78,Fun
Logic,9.98,Neutral
Logic,13.42,Neutral
Logic,10.10,Neutral
Logic,10.38,Neutral
Logic,10.58,Neutral
Logic,10.25,Neutral
Logic,10.70,Fun
Logic,7.48,Fun
Logic,9.54,Fun
Logic,9.82,Fun
Logic,11.64,Neutral
Logic,10.91,Neutral
Logic,8.98,Neutral
Logic,12.20,Neutral
Logic,12.95,Neutral
Logic,7.94,Fun
Logic,10.87,Neutral
Logic,9.00,Fun
Logic,9.28,Fun
Logic,11.34,Neutral
Logic,12.18,Neutral
Logic,11.26,Fun
Logic,9.43,Neutral
Logic,12.76,Neutral
Logic,12.56,Frustrating
Logic,8.52,Fun
Logic,11.13,Neutral
Logic,8.18,Neutral
Logic,13.43,Neutral
Logic,11.04,Neutral
Logic,12.63,Neutral
Logic,11.28,Neutral
Logic,10.28,Fun
Logic,12.00,Neutral
Logic,8.29,Fun
Logic,7.63,Fun
Logic,9.24,Fun
Logic,11.03,Neutral
Logic,9.67,Fun
Logic,9.57,Fun
Logic,12.34,Neutral
Logic,9.50,Fun
Logic,12.45,Neutral
Logic,8.95,Neutral
Logic,9.99,Neutral
Logic,8.85,Fun
Logic,9.65,Fun
Logic,8.18,Neutral
Logic,11.39,Neutral
Logic,12.86,Neutral
Logic,11.07,Neutral
Logic,13.92,Neutral
Logic,7.22,Fun
Logic,9.00,Fun
Logic,11.55,Neutral
Logic,11.77,Neutral
Logic,11.15,Fun
Logic,13.99,Neutral
Logic,13.85,Frustrating
Logic,7.58,Neutral
Logic,9.67,Fun
Logic,7.63,Fun
Logic,8.44,Neutral
Logic,11.00,Fun
Logic,11.20,Neutral
Logic,8.94,Fun
Logic,11.10,Neutral
Logic,9.04,Neutral
Logic,11.00,Neutral
Logic,10.73,Neutral
Logic,9.93,Fun
Logic,8.58,Fun
Logic,9.57,Neutral
Logic,11.48,Neutral
Logic,9.51,Fun
Logic,9.85,Fun
Logic,8.36,Neutral
Logic,9.63,Fun
Logic,10.45,Neutral
Logic,9.04,Neutral
Logic,9.73,Fun
Logic,8.30,Fun
Logic,12.00,Frustrating
Logic,14.92,Frustrating
Logic,9.65,Fun
Logic,11.43,Frustrating
Logic,13.66,Neutral
Logic,9.73,Neutral
Logic,9.72,Neutral
Logic,11.79,Neutral
Logic,8.60,Fun
Logic,10.15,Neutral
Logic,9.39,Neutral
Logic,8.56,Fun
Logic,11.34,Neutral
Logic,10.22,Fun
Logic,14.84,Neutral
Logic,4.81,Fun
Logic,11.79,Neutral
Logic,8.86,Neutral
Logic,9.93,Fun
Logic,8.32,Fun
Logic,11.66,Fun
Logic,13.21,Neutral
Logic,11.48,Neutral
Logic,8.68,Neutral
Logic,13.73,Neutral
Logic,10.17,Neutral
Logic,10.86,Neutral
Logic,10.40,Neutral
Logic,10.07,Neutral
Logic,10.66,Neutral
Logic,8.44,Fun
Logic,12.81,Neutral
Logic,11.79,Neutral
Logic,10.66,Neutral
Logic,12.39,Neutral
Logic,8.06,Fun
Logic,12.67,Frustrating
Logic,10.92,Neutral
Logic,11.51,Neutral
Logic,9.59,Fun
Logic,8.94,Fun
Logic,9.41,Neutral
Logic,12.57,Fun
Logic,12.68,Neutral
Logic,13.61,Frustrating
Logic,10.38,Neutral
Logic,8.99,Fun
Logic,13.44,Neutral
Logic,7.40,Fun
Logic,10.18,Fun
Logic,11.71,Neutral
Logic,8.18,Fun
Logic,7.38,Fun
Logic,11.48,Fun
Logic,13.74,Frustrating
Logic,9.07,Fun
Logic,9.13,Fun
Logic,8.62,Neutral
Logic,13.47,Neutral
Logic,9.08,Fun
Logic,8.83,Fun
Logic,8.89,Neutral
Logic,9.32,Neutral
Logic,9.30,Fun
Logic,11.71,Neutral
Logic,11.10,Neutral
Logic,11.45,Neutral
Logic,9.24,Neutral
Logic,11.95,Fun
Logic,4.41,Fun
Logic,12.76,Neutral
Logic,10.90,Neutral
Logic,9.69,Neutral
Logic,11.45,Neutral
Logic,8.05,Neutral
Logic,9.23,Neutral
Logic,10.72,Neutral
Logic,7.37,Fun
Logic,10.42,Fun
Logic,10.43,Fun
Logic,9.94,Fun
Logic,7.91,Fun
Logic,12.83,Fun
Logic,7.53,Fun
Logic,7.55,Neutral
Logic,9.33,Fun
Logic,13.60,Neutral
Logic,10.71,Neutral
Logic,11.02,Neutral
Logic,10.07,Fun
Logic,11.04,Neutral
Logic,11.77,Fun
Logic,11.91,Neutral
Logic,13.24,Neutral
Logic,8.94,Neutral
Logic,10.18,Fun
Logic,11.33,Neutral
Logic,12.15,Neutral
Logic,9.83,Fun
Logic,11.80,Fun
Logic,9.40,Fun
Logic,9.82,Neutral
Logic,12.52,Neutral
Logic,6.73,Fun
Logic,10.94,Neutral
Logic,12.35,Neutral
Logic,9.81,Fun
Logic,11.75,Neutral
Logic,9.09,Neutral
Logic,10.84,Neutral
Logic,10.52,Frustrating
Logic,10.44,Fun
Logic,7.95,Fun
Logic,10.17,Neutral
Logic,8.87,Fun
Logic,9.78,Neutral
Logic,12.55,Neutral
Logic,9.37,Neutral
Logic,10.43,Neutral
Logic,10.71,Neutral
Logic,10.12,Fun
Logic,12.11,Neutral
Logic,10.42,Neutral
Logic,10.81,Fun
Logic,8.72,Fun
Logic,9.74,Fun
Logic,9.21,Fun
Logic,11.45,Neutral
Logic,12.80,Neutral
Logic,9.58,Fun
Logic,6.07,Fun
Logic,8.81,Neutral
Logic,8.63,Fun
Logic,12.86,Neutral
Logic,10.79,Neutral
Logic,13.63,Neutral
Logic,11.30,Neutral
Logic,7.40,Fun
Logic,11.49,Fun
Logic,9.00,Neutral
Logic,10.50,Neutral
Logic,10.30,Neutral
Logic,10.21,Neutral
Logic,9.84,Neutral
Logic,14.34,Neutral
Logic,13.52,Neutral
Logic,8.72,Fun
Logic,10.90,Neutral
Logic,12.80,Neutral
Logic,12.71,Neutral
Logic,8.71,Fun
Logic,13.32,Frustrating
Logic,9.09,Fun
Logic,10.75,Neutral
Logic,10.84,Neutral
Logic,6.66,Neutral
Logic,10.23,Neutral
Logic,6.30,Fun
Logic,6.57,Fun
Logic,11.14,Fun
Logic,11.18,Neutral
Logic,12.45,Fun
Logic,11.26,Neutral
Logic,9.15,Fun
Logic,8.90,Fun
Logic,12.11,Neutral
Logic,13.40,Neutral
Logic,12.10,Neutral
Logic,10.93,Neutral
Logic,10.36,Neutral
Logic,13.76,Neutral
Logic,5.52,Fun
Logic,12.49,Neutral
Logic,10.16,Fun
Logic,8.25,Fun
Logic,12.17,Neutral
Logic,8.54,Neutral
Logic,11.19,Neutral
Logic,10.87,Fun
Logic,10.78,Neutral
Logic,6.80,Fun
Logic,10.82,Fun
Logic,9.51,Fun
Logic,9.09,Fun
Logic,8.13,Fun
Logic,8.22,Fun
Logic,8.81,Fun
Logic,12.99,Neutral
Logic,11.89,Neutral
Logic,11.05,Neutral
Logic,13.93,Neutral
Logic,13.72,Frustrating
Logic,12.31,Neutral
Logic,8.13,Fun
Logic,13.37,Fun
Logic,10.10,Frustrating
Logic,10.01,Fun
Logic,10.98,Neutral
Logic,10.63,Neutral
Logic,9.51,Neutral
Logic,11.87,Neutral
Logic,9.54,Neutral
Logic,9.37,Fun
Logic,9.99,Neutral
Logic,8.98,Fun
Logic,10.81,Neutral
Logic,10.31,Fun
Logic,9.91,Fun
Logic,11.43,Neutral
Logic,6.85,Fun
Logic,11.00,Neutral
Logic,12.30,Neutral
Logic,12.26,Neutral
Logic,14.96,Frustrating
Logic,9.22,Neutral
Logic,8.54,Neutral
Logic,11.15,Neutral
Logic,7.13,Fun
Logic,12.92,Neutral
Logic,8.41,Fun
Logic,11.38,Neutral
Logic,9.82,Fun
Logic,5.74,Neutral
Logic,11.02,Neutral
Logic,8.29,Fun
Logic,12.34,Neutral
Logic,5.60,Fun
Logic,10.24,Fun
Logic,8.39,Fun
Logic,12.75,Fun
Logic,9.04,Fun
Logic,12.37,Neutral
Logic,9.56,Neutral
Logic,10.76,Fun
Logic,13.42,Neutral
Logic,9.14,Fun
Logic,14.14,Frustrating
Logic,12.47,Frustrating
Logic,13.07,Neutral
Logic,6.01,Fun
Logic,10.16,Fun
Logic,7.57,Fun
Logic,12.02,Fun
Logic,12.95,Neutral
Logic,9.26,Fun
Logic,9.48,Neutral
Logic,7.26,Fun
Logic,12.08,Neutral
Logic,13.42,Neutral
Logic,7.10,Fun
Logic,6.87,Fun
Logic,12.79,Frustrating
Logic,13.20,Neutral
Logic,11.24,Neutral
Logic,10.98,Neutral
Logic,9.26,Fun
Logic,11.18,Neutral
Logic,9.60,Neutral
Logic,14.59,Neutral
Logic,9.60,Fun
Logic,4.23,Fun
Logic,11.50,Fun
Logic,7.99,Fun
Logic,12.15,Neutral
Logic,7.41,Fun
Logic,9.98,Fun
Logic,11.28,Neutral
Logic,10.11,Fun
Logic,6.61,Fun
Logic,7.64,Fun
Logic,8.80,Neutral
Logic,13.75,Frustrating
Logic,10.25,Neutral
Logic,13.05,Neutral
Logic,10.86,Neutral
Logic,9.51,Fun
Logic,12.76,Neutral
Logic,8.21,Fun
Logic,13.46,Frustrating
Logic,12.33,Neutral
Logic,11.17,Neutral
Logic,11.65,Neutral
Logic,10.91,Neutral
Logic,9.61,Neutral
Logic,9.81,Neutral
Logic,9.29,Neutral
Logic,12.98,Neutral
Logic,11.70,Neutral
Logic,10.28,Neutral
Logic,8.22,Fun
Logic,11.14,Neutral
Logic,8.49,Fun
Logic,8.80,Fun
Logic,14.58,Neutral
Logic,7.71,Fun
Logic,8.73,Fun
Logic,9.34,Fun
Logic,9.31,Fun
Logic,8.25,Fun
Logic,10.12,Fun
Logic,8.42,Fun
Logic,13.18,Neutral
Logic,10.75,Neutral
Logic,12.22,Neutral
Logic,7.69,Fun
Logic,10.47,Neutral
Logic,11.59,Neutral
Logic,10.70,Neutral
Logic,10.54,Neutral
Logic,8.43,Fun
Logic,9.24,Fun
Logic,9.69,Neutral
Logic,8.90,Fun
Logic,12.03,Neutral
Logic,14.02,Neutral
Logic,13.13,Neutral
Logic,11.35,Fun
Logic,10.26,Fun
Logic,11.65,Neutral
Logic,8.92,Neutral
Logic,11.03,Fun
Logic,10.83,Neutral
Logic,5.81,Fun
Logic,14.29,Neutral
Logic,7.84,Neutral
Logic,5.25,Fun
Logic,10.50,Fun
Logic,10.71,Neutral
Logic,10.48,Fun
Logic,10.78,Neutral
Logic,8.13,Fun
Logic,11.68,Neutral
Logic,13.26,Neutral
Logic,8.82,Neutral
Logic,11.11,Neutral
Logic,9.96,Neutral
Logic,10.38,Neutral
Logic,12.45,Frustrating
Logic,11.06,Neutral
Logic,14.36,Frustrating
Logic,9.84,Fun
Logic,13.46,Neutral
Logic,9.59,Fun
Logic,10.04,Neutral
Logic,9.85,Neutral
Logic,11.08,Neutral
Logic,11.43,Fun
Logic,10.79,Fun
Logic,11.70,Neutral
Logic,8.94,Neutral
Logic,10.02,Neutral
Logic,11.80,Neutral
Logic,12.58,Neutral
Logic,11.18,Neutral
Logic,11.92,Neutral
Logic,12.18,Neutral
Logic,11.72,Neutral
Logic,10.05,Fun
Logic,10.17,Neutral
Logic,11.74,Neutral
Logic,9.59,Fun
Logic,10.24,Fun
Logic,10.32,Neutral
Logic,7.33,Fun
Logic,11.17,Fun
Logic,11.64,Neutral
Logic,10.38,Neutral
Logic,14.09,Frustrating
Logic,10.15,Fun
Logic,11.66,Neutral
Logic,11.57,Neutral
Logic,12.07,Fun
Logic,11.34,Fun
Logic,10.12,Neutral
Logic,11.63,Neutral
Logic,11.01,Neutral
Logic,10.99,Neutral
Logic,11.94,Neutral
Logic,12.05,Neutral
Logic,10.48,Neutral
Logic,9.72,Fun
Logic,13.16,Neutral
Logic,10.61,Fun
Logic,9.75,Fun
Logic,8.61,Fun
Logic,11.04,Fun
Logic,11.27,Neutral
Logic,8.22,Neutral
Logic,7.80,Fun
Logic,10.87,Neutral
Logic,8.86,Fun
Logic,13.20,Neutral
Logic,8.29,Fun
Logic,7.40,Fun
Logic,10.36,Fun
Logic,11.44,Neutral
Logic,10.81,Neutral
Logic,10.26,Fun
Logic,11.26,Fun
Logic,8.96,Neutral
Logic,10.95,Neutral
Logic,8.83,Neutral
Logic,8.89,Neutral
Logic,10.71,Neutral
Logic,11.32,Neutral
Logic,8.76,Fun
Logic,7.40,Fun
Logic,8.45,Fun
Logic,6.50,Fun
Logic,10.76,Fun
Logic,11.67,Neutral
Logic,14.10,Neutral
Logic,8.71,Fun
Logic,9.55,Neutral
Logic,10.28,Neutral
Logic,10.98,Neutral
Logic,8.90,Fun
Logic,12.36,Neutral
Logic,9.74,Fun
Logic,12.47,Neutral
Logic,7.24,Fun
Logic,10.18,Neutral
Logic,11.19,Neutral
Logic,9.52,Neutral
Logic,9.54,Fun
Logic,9.22,Fun
Logic,10.71,Neutral
Logic,13.02,Neutral
Logic,8.45,Neutral
Logic,10.30,Neutral
Logic,9.53,Fun
Logic,13.33,Neutral
Logic,14.36,Frustrating
Logic,11.50,Fun
Logic,10.63,Neutral
Logic,13.23,Neutral
Logic,9.58,Fun
Logic,10.39,Neutral
Logic,12.60,Frustrating
Logic,10.71,Neutral
Logic,9.55,Fun
Logic,10.87,Neutral
Logic,9.60,Fun
Logic,14.24,Neutral
Logic,9.73,Fun
Logic,12.38,Neutral
Logic,10.50,Fun
Logic,13.16,Frustrating
Logic,12.36,Fun
Logic,9.20,Fun
Logic,11.06,Fun
Logic,10.21,Fun
Logic,11.51,Frustrating
Logic,10.41,Neutral
Logic,11.44,Neutral
Logic,10.27,Fun
Logic,12.41,Neutral
Logic,11.13,Fun
Logic,7.87,Fun
Logic,10.46,Neutral
Logic,9.83,Neutral
Logic,12.73,Neutral
Logic,8.20,Fun
Logic,6.41,Fun
Logic,11.44,Fun
Logic,12.38,Frustrating
Logic,11.41,Neutral
Logic,13.21,Frustrating
Logic,12.30,Neutral
Logic,8.64,Fun
Logic,12.36,Neutral
Logic,9.32,Fun
Logic,12.71,Neutral
Logic,12.49,Neutral
Logic,10.40,Neutral
Logic,12.64,Neutral
Logic,9.96,Fun
Logic,12.52,Neutral
Logic,5.89,Fun
Logic,8.40,Fun
Logic,10.80,Fun
Logic,9.48,Neutral
Logic,5.16,Fun
Logic,8.83,Fun
Logic,13.73,Neutral
Logic,8.08,Neutral
Logic,10.83,Neutral
Logic,9.51,Fun
Logic,10.54,Fun
Logic,10.15,Neutral
Logic,10.23,Fun
Logic,10.25,Fun
Logic,6.15,Fun
Logic,10.50,Frustrating
Logic,10.76,Neutral
Logic,11.32,Neutral
Logic,13.23,Neutral
Logic,10.57,Neutral
Logic,11.04,Neutral
Logic,7.64,Fun
Logic,10.70,Fun
Logic,7.39,Fun
Logic,14.50,Neutral
Logic,9.79,Neutral
Logic,11.20,Fun
Logic,11.38,Neutral
Logic,7.89,Fun
Logic,11.43,Neutral
Logic,8.35,Fun
Logic,11.42,Neutral
Logic,9.26,Neutral
Logic,9.14,Neutral
Logic,11.33,Neutral
Logic,11.23,Neutral
Logic,10.00,Fun
Logic,9.03,Fun
Logic,10.89,Neutral
Logic,10.40,Neutral
Logic,12.42,Neutral
Logic,9.24,Fun
Logic,10.25,Neutral
Logic,15.04,Neutral
Logic,7.93,Fun
Logic,11.13,Neutral
Logic,11.32,Neutral
Logic,9.60,Fun
Logic,9.08,Neutral
Logic,7.59,Fun
Logic,7.66,Fun
Logic,9.97,Neutral
Logic,13.01,Neutral
Logic,10.61,Fun
Logic,13.59,Neutral
Logic,9.30,Fun
Logic,11.66,Frustrating
Logic,10.75,Fun
Logic,11.23,Neutral
Logic,10.91,Fun
Logic,12.06,Neutral
Logic,10.48,Neutral
Logic,12.44,Neutral
Logic,11.48,Neutral
Logic,10.48,Neutral
Logic,10.27,Fun
Logic,7.95,Fun
Logic,9.20,Fun
Logic,9.97,Neutral
Logic,12.37,Neutral
Logic,12.08,Neutral
Logic,8.89,Fun
Logic,9.55,Neutral
Logic,13.97,Neutral
Logic,7.67,Fun
Logic,10.86,Neutral
Logic,11.06,Fun
Logic,9.50,Fun
Logic,7.76,Fun
Logic,9.71,Fun
Logic,15.88,Frustrating
Logic,10.28,Neutral
Logic,10.05,Fun
Logic,10.86,Neutral
Logic,8.16,Fun
Logic,12.00,Neutral
Logic,11.94,Neutral
Logic,9.80,Fun
Logic,10.62,Neutral
Logic,9.49,Fun
Logic,11.88,Neutral
Logic,7.18,Fun
Logic,10.06,Neutral
Logic,11.75,Neutral
Logic,13.87,Neutral
Logic,8.68,Fun
Logic,8.26,Fun
Logic,10.28,Fun
Logic,10.38,Neutral
Logic,12.02,Neutral
Logic,10.27,Neutral
Logic,9.35,Fun
Logic,14.28,Frustrating
Logic,9.84,Neutral
Logic,12.26,Neutral
Logic,11.99,Neutral
Logic,9.62,Fun
Logic,13.82,Neutral
Logic,8.19,Fun
Logic,8.62,Fun
Logic,12.83,Neutral
Logic,7.39,Fun
Logic,11.77,Neutral
Logic,10.89,Fun
Logic,11.98,Neutral
Logic,12.06,Neutral
Logic,9.17,Neutral
Logic,9.13,Fun
Logic,12.13,Neutral
Logic,12.28,Neutral
Logic,8.27,Fun
Logic,8.04,Fun
Logic,8.35,Fun
Logic,10.47,Fun
Logic,10.46,Neutral
Logic,15.16,Frustrating
Logic,11.58,Neutral
Logic,10.20,Neutral
Logic,9.44,Fun
Logic,9.43,Fun
Logic,9.26,Neutral
Logic,8.31,Neutral
Logic,10.85,Fun
Logic,4.12,Fun
Logic,8.16,Fun
Logic,12.48,Neutral
Logic,10.80,Neutral
Logic,11.61,Neutral
Logic,9.32,Fun
Logic,13.32,Neutral
Logic,9.91,Fun
Logic,11.67,Neutral
Logic,10.53,Neutral
Logic,11.46,Frustrating
Logic,9.62,Neutral
Logic,12.99,Neutral
Logic,9.46,Neutral
Logic,16.22,Frustrating
Logic,10.18,Neutral
Logic,10.75,Frustrating
Logic,9.26,Fun
Logic,11.97,Neutral
Logic,10.88,Neutral
Logic,11.77,Neutral
Logic,11.93,Fun
Logic,8.96,Fun
Logic,12.15,Neutral
Logic,8.12,Fun
Logic,10.81,Neutral
Logic,12.33,Neutral
Logic,7.32,Fun
Logic,9.62,Fun
Logic,9.69,Fun
Logic,6.38,Fun
Logic,10.09,Fun
Logic,13.32,Neutral
Logic,7.69,Fun
Logic,8.30,Fun
Logic,9.71,Fun
Logic,10.38,Neutral
Logic,10.71,Neutral
Logic,10.88,Neutral
Logic,9.94,Fun
Logic,15.22,Neutral
Logic,9.60,Neutral
Logic,7.83,Fun
Logic,7.37,Fun
Logic,10.10,Neutral
Logic,9.42,Neutral
Logic,12.60,Frustrating
Logic,10.13,Fun
Logic,10.66,Neutral
Logic,7.26,Fun
Logic,10.02,Neutral
Logic,9.96,Fun
Logic,7.69,Fun
Logic,8.67,Fun
Logic,8.75,Fun
Logic,12.15,Frustrating
Logic,11.62,Fun
Logic,11.89,Neutral
Logic,13.31,Neutral
Logic,9.86,Fun
Logic,12.87,Neutral
Logic,9.97,Neutral
Logic,12.81,Frustrating
Logic,7.99,Fun
Logic,9.29,Neutral
Logic,12.33,Neutral
Logic,13.81,Neutral
Logic,10.42,Neutral
Logic,9.84,Fun
Logic,11.75,Frustrating
Logic,10.26,Neutral
Logic,10.53,Neutral
Logic,11.00,Fun
Logic,12.68,Neutral
Logic,8.37,Fun
Logic,9.62,Neutral
Logic,11.70,Neutral
Logic,6.21,Fun
Logic,13.09,Neutral
Logic,9.20,Neutral
Logic,8.41,Fun
Logic,10.84,Neutral
Logic,14.97,Frustrating
Logic,9.16,Neutral
Logic,7.51,Fun
Logic,10.23,Fun
Logic,12.84,Neutral
Logic,9.95,Neutral
Logic,11.70,Neutral
Logic,12.81,Neutral
Logic,7.07,Neutral
Logic,11.70,Neutral
Logic,9.47,Neutral
Logic,10.38,Neutral
Logic,14.99,Neutral
Logic,11.00,Neutral
Logic,12.12,Neutral
Logic,8.52,Fun
Logic,11.36,Neutral
Logic,10.25,Fun
Logic,10.04,Neutral
Logic,11.62,Neutral
Logic,7.49,Fun
Logic,13.28,Neutral
Logic,15.07,Frustrating
Logic,9.62,Neutral
Logic,11.54,Neutral
Logic,14.61,Frustrating
Logic,8.74,Neutral
Logic,10.59,Neutral
Logic,15.12,Neutral
Logic,8.65,Fun
Logic,12.41,Neutral
Logic,11.45,Neutral
Logic,9.77,Fun
Logic,11.22,Neutral
Logic,9.84,Fun
Logic,12.02,Neutral
Logic,9.48,Neutral
Logic,6.99,Fun
Logic,12.13,Fun
Logic,12.76,Neutral
Logic,10.72,Fun
Logic,8.84,Neutral
Logic,9.53,Neutral
Logic,7.87,Fun
Logic,7.73,Fun
Logic,12.76,Neutral
Logic,6.38,Fun
Logic,11.62,Neutral
Logic,9.73,Neutral
Logic,7.85,Neutral
Logic,10.03,Fun
Logic,10.12,Neutral
Logic,12.90,Neutral
Logic,15.30,Frustrating
Logic,14.15,Frustrating
Logic,13.75,Frustrating
Logic,13.73,Neutral
Logic,12.36,Neutral
Logic,9.59,Neutral
Logic,10.84,Fun
Logic,7.44,Fun
Logic,8.94,Fun
Logic,8.75,Neutral
Logic,8.32,Fun
Logic,13.33,Neutral
Logic,11.50,Neutral
Logic,11.03,Neutral
Logic,10.48,Fun
Logic,12.47,Frustrating
Logic,12.27,Neutral
Logic,8.69,Neutral
Logic,6.49,Fun
Logic,8.14,Neutral
Logic,9.51,Fun
Logic,10.49,Fun
Logic,13.51,Neutral
Logic,11.77,Fun
Logic,11.87,Neutral
Logic,12.12,Neutral
Logic,10.24,Neutral
Logic,8.35,Fun
Logic,8.70,Fun
Logic,7.79,Fun
Logic,7.91,Fun
Logic,7.47,Fun
Logic,12.22,Neutral
Logic,8.07,Fun
Logic,11.74,Neutral
Logic,15.19,Frustrating
Logic,10.10,Neutral
Logic,10.13,Fun
Logic,12.18,Neutral
Logic,10.47,Fun
Logic,8.97,Fun
Logic,7.66,Fun
Logic,10.69,Fun
Logic,9.65,Fun
Logic,11.28,Neutral
Logic,11.06,Neutral
Logic,13.10,Frustrating
Logic,11.70,Neutral
Logic,12.77,Neutral
Logic,10.64,Fun
Logic,12.13,Fun
Logic,10.01,Fun
Logic,10.19,Fun
Logic,10.65,Frustrating
Logic,8.28,Neutral
Logic,8.09,Fun
Logic,9.92,Neutral
Logic,7.70,Fun
Logic,10.69,Neutral
Logic,12.10,Neutral
Logic,8.74,Fun
Logic,10.60,Fun
Logic,7.42,Fun
Logic,12.37,Neutral
Logic,9.79,Neutral
Logic,13.56,Neutral
Logic,10.58,Neutral
Logic,14.22,Neutral
Logic,11.17,Fun
Logic,10.12,Neutral
Logic,12.52,Neutral
Logic,11.56,Fun
Logic,9.39,Fun
Logic,11.90,Fun
Logic,11.76,Neutral
Logic,11.25,Neutral
Logic,9.79,Fun
Logic,10.40,Neutral
Logic,12.26,Neutral
Logic,12.75,Neutral
Logic,11.10,Neutral
Logic,8.89,Neutral
Logic,12.01,Neutral
Logic,10.80,Fun
Logic,12.77,Neutral
Logic,7.30,Fun
Logic,9.01,Fun
Logic,11.57,Neutral
Logic,7.79,Neutral
Logic,16.00,Neutral
Logic,8.80,Fun
Logic,11.39,Neutral
Logic,7.04,Fun
Logic,14.91,Neutral
Logic,11.95,Neutral
Logic,9.47,Neutral
Logic,11.02,Neutral
Logic,9.08,Fun
Logic,7.06,Fun
Logic,8.32,Fun
Logic,8.68,Fun
Logic,12.78,Neutral
Logic,11.43,Neutral
Logic,9.76,Neutral
Logic,9.99,Neutral
Logic,12.64,Neutral
Logic,8.49,Fun
Logic,11.70,Fun
Logic,8.63,Fun
Logic,11.93,Neutral
Logic,13.01,Neutral
Logic,9.63,Neutral
Logic,11.41,Neutral
Logic,6.09,Fun
Logic,11.15,Neutral
Logic,11.13,Neutral
Logic,11.35,Neutral
Logic,12.93,Neutral
Logic,8.59,Fun
Logic,13.30,Neutral
Logic,8.58,Neutral
Logic,7.23,Neutral
Logic,14.91,Neutral
Logic,12.13,Neutral
Logic,12.03,Fun
Logic,11.76,Neutral
Logic,10.08,Neutral
Logic,12.52,Neutral
Logic,13.37,Neutral
Logic,7.38,Fun
Logic,8.21,Fun
Logic,9.05,Fun
Logic,11.55,Neutral
Logic,5.81,Fun
Logic,10.19,Fun
Logic,7.60,Fun
Logic,9.81,Neutral
Logic,7.29,Fun
Logic,12.84,Frustrating
Logic,9.95,Fun
Logic,10.11,Fun
Logic,13.48,Neutral
Logic,8.77,Fun
Logic,7.41,Fun
Logic,9.26,Fun
Logic,9.19,Fun
Logic,11.20,Neutral
Logic,9.87,Neutral
Logic,7.68,Fun
Logic,10.13,Neutral
Logic,11.69,Neutral
Logic,7.81,Neutral
Logic,12.50,Neutral
Logic,11.92,Neutral
Logic,13.50,Neutral
Logic,9.84,Fun
Logic,11.35,Neutral
Logic,8.75,Neutral
Logic,9.99,Neutral
Logic,8.39,Fun
Logic,12.65,Neutral
Logic,7.60,Fun
Logic,11.73,Neutral
Logic,9.13,Fun
Logic,8.40,Fun
Logic,13.42,Neutral
Logic,10.71,Fun
Logic,11.17,Neutral
Logic,10.89,Neutral
Logic,11.81,Neutral
Logic,13.45,Neutral
Logic,10.62,Fun
Logic,12.94,Neutral
Logic,5.81,Fun
Logic,11.76,Neutral
Logic,11.35,Neutral
Logic,10.86,Neutral
Logic,10.75,Neutral
Logic,9.58,Fun
Logic,9.25,Neutral
Logic,12.69,Neutral
Logic,10.13,Fun
Logic,12.86,Neutral
Logic,9.73,Fun
Logic,8.47,Fun
Logic,13.39,Neutral
Logic,10.30,Fun
Logic,12.93,Neutral
Logic,8.04,Neutral
Logic,11.22,Neutral
Logic,9.87,Neutral
Logic,14.41,Frustrating
Logic,13.12,Neutral
Logic,11.62,Neutral
Logic,9.49,Neutral
Logic,12.47,Neutral
Logic,11.94,Neutral
Logic,7.61,Neutral
Logic,12.88,Neutral
Logic,12.21,Neutral
Logic,10.12,Neutral
Logic,15.12,Neutral
Logic,12.41,Neutral
Logic,9.47,Neutral
Logic,12.36,Neutral
Logic,11.32,Frustrating
Logic,10.15,Fun
Logic,3.98,Fun
Logic,9.64,Neutral
Logic,10.55,Fun
Logic,11.95,Neutral
Logic,11.21,Neutral
Logic,10.95,Neutral
Logic,13.53,Frustrating
Logic,10.39,Fun
Logic,8.39,Neutral
Logic,9.49,Neutral
Logic,10.13,Fun
Logic,9.35,Fun
Logic,6.77,Fun
Logic,11.69,Neutral
Logic,12.08,Neutral
Logic,9.03,Fun
Logic,11.37,Fun
Logic,9.87,Neutral
Logic,9.91,Neutral
Logic,11.71,Neutral
Logic,11.34,Neutral
Logic,9.33,Fun
Logic,9.04,Neutral
Logic,11.59,Neutral
Logic,8.50,Fun
Logic,9.09,Fun
Logic,13.27,Neutral
Logic,10.82,Neutral
Logic,9.61,Fun
Logic,8.14,Neutral
Logic,11.93,Neutral
Logic,9.39,Neutral
Logic,10.69,Neutral
Logic,12.88,Neutral
Logic,10.06,Neutral
Logic,12.56,Fun
Logic,8.21,Fun
Logic,6.97,Fun
Logic,11.15,Neutral
Logic,12.88,Neutral
Logic,9.45,Neutral
Logic,9.99,Fun
Logic,12.35,Neutral
Logic,9.59,Fun
Logic,8.26,Fun
Logic,8.85,Neutral
Logic,10.15,Neutral
Logic,7.40,Fun
Logic,12.12,Neutral
Logic,11.65,Neutral
Logic,12.19,Neutral
Logic,13.59,Frustrating
Logic,12.47,Neutral
Logic,13.40,Neutral
Logic,9.80,Neutral
Logic,12.82,Neutral
Logic,7.80,Fun
Logic,11.73,Neutral
Logic,13.82,Neutral
Logic,14.61,Neutral
Logic,11.08,Neutral
Logic,12.03,Neutral
Logic,8.34,Neutral
Logic,7.43,Neutral
Logic,10.48,Neutral
Logic,11.09,Neutral
Logic,10.24,Neutral
Logic,8.90,Neutral
Logic,8.06,Fun
Logic,12.38,Fun
Logic,12.51,Frustrating
Logic,10.18,Neutral
Logic,13.86,Neutral
Logic,10.53,Fun
Logic,12.45,Frustrating
Logic,9.16,Fun
Logic,11.71,Fun
Logic,11.82,Neutral
Logic,11.08,Neutral
Logic,12.68,Neutral
Logic,10.23,Fun
Logic,6.49,Fun
Logic,9.83,Fun
Logic,12.02,Neutral
Logic,6.75,Fun
Logic,7.07,Fun
Logic,10.55,Neutral
Logic,10.74,Fun
Logic,12.94,Frustrating
Logic,10.38,Neutral
Logic,11.52,Neutral
Logic,11.05,Neutral
Logic,11.99,Neutral
Logic,12.33,Neutral
Logic,7.83,Fun
Logic,9.13,Fun
Logic,12.34,Neutral
Logic,6.17,Neutral
Logic,5.36,Fun
Logic,10.77,Neutral
Logic,10.57,Neutral
Logic,9.81,Neutral
Logic,12.20,Neutral
Logic,12.88,Neutral
Logic,12.49,Neutral
Logic,10.15,Neutral
Logic,10.45,Neutral
Logic,11.11,Neutral
Logic,6.25,Fun
Logic,8.49,Fun
Logic,12.09,Neutral
Logic,10.99,Neutral
Logic,7.89,Fun
Logic,13.08,Frustrating
Logic,11.48,Fun
Logic,9.30,Neutral
Logic,10.52,Neutral
Logic,10.63,Neutral
Logic,9.90,Fun
Logic,10.13,Fun
Logic,10.20,Fun
Logic,11.82,Neutral
Logic,12.50,Neutral
Logic,11.60,Neutral
Logic,13.99,Neutral
Logic,11.74,Neutral
Logic,11.15,Neutral
Logic,12.18,Neutral
Logic,10.23,Neutral
Logic,11.96,Neutral
Logic,14.51,Frustrating
Logic,10.08,Fun
Logic,12.57,Neutral
Logic,10.55,Neutral
Logic,9.00,Neutral
Logic,12.77,Neutral
Logic,11.42,Neutral
Logic,9.87,Fun
Logic,14.02,Neutral
Logic,6.79,Neutral
Logic,10.37,Neutral
Logic,10.08,Fun
Logic,10.24,Fun
Logic,10.74,Neutral
Logic,14.22,Frustrating
Logic,6.35,Fun
Logic,12.57,Neutral
Logic,8.98,Fun
Logic,12.38,Neutral
Logic,9.61,Fun
Logic,12.22,Neutral
Logic,10.06,Fun
Logic,9.28,Fun
Logic,8.04,Neutral
Logic,8.50,Fun
Logic,9.77,Neutral
Logic,10.42,Fun
Logic,11.53,Fun
Logic,10.35,Neutral
Logic,12.96,Frustrating
Logic,8.02,Fun
Logic,11.61,Neutral
Logic,12.33,Neutral
Logic,11.52,Neutral
Logic,10.24,Neutral
Logic,9.49,Fun
Logic,7.68,Fun
Logic,7.41,Neutral
Logic,11.90,Neutral
Logic,9.86,Fun
Logic,7.47,Fun
Logic,11.53,Neutral
Logic,12.08,Neutral
Logic,6.20,Fun
Logic,14.18,Neutral
Logic,12.97,Neutral
Logic,7.97,Neutral
Logic,8.89,Fun
Logic,10.92,Neutral
Logic,11.23,Neutral
Logic,8.12,Fun
Logic,9.23,Neutral
Logic,16.67,Frustrating
Logic,12.37,Frustrating
Logic,13.28,Neutral
Logic,8.91,Neutral
Logic,9.88,Neutral
Logic,7.80,Neutral
Logic,11.22,Fun
Logic,10.40,Fun
Logic,15.12,Frustrating
Logic,9.86,Fun
Logic,10.52,Fun
Logic,8.62,Fun
Logic,10.96,Neutral
Logic,8.93,Neutral
Logic,8.42,Neutral
Logic,10.29,Neutral
Logic,8.69,Fun
Logic,8.78,Neutral
Logic,11.52,Neutral
Logic,12.68,Neutral
Logic,12.24,Neutral
Logic,10.49,Neutral
Logic,10.68,Neutral
Logic,8.98,Neutral
Logic,11.09,Fun
Logic,12.50,Neutral
Logic,8.56,Fun
Logic,12.50,Frustrating
Logic,9.20,Neutral
Logic,11.36,Fun
Logic,7.72,Fun
Logic,10.84,Neutral
Logic,13.12,Neutral
Logic,10.34,Fun
Logic,7.33,Fun
Logic,13.76,Frustrating
Logic,8.86,Fun
Logic,8.54,Fun
Logic,9.27,Neutral
Logic,8.51,Neutral
Logic,10.89,Neutral
Logic,11.17,Neutral
Logic,9.78,Fun
Logic,12.14,Neutral
Logic,11.39,Neutral
Logic,7.94,Fun
Logic,11.82,Fun
Logic,7.90,Fun
Logic,10.33,Neutral
Logic,9.95,Fun
Logic,8.90,Fun
Logic,12.75,Neutral
Logic,10.55,Fun
Logic,11.54,Fun
Logic,10.41,Neutral
Logic,8.73,Fun
Logic,11.66,Neutral
Logic,8.91,Fun
Logic,12.20,Neutral
Logic,15.33,Frustrating
Logic,11.19,Neutral
Logic,11.85,Neutral
Logic,11.37,Neutral
Logic,13.00,Neutral
Logic,8.00,Fun
Logic,8.59,Fun
Logic,10.65,Neutral
Logic,10.38,Neutral
Logic,8.20,Fun
Logic,6.99,Fun
Logic,9.56,Fun
Logic,13.79,Neutral
Logic,14.99,Frustrating
Logic,12.17,Neutral
Logic,7.26,Fun
Logic,12.00,Fun
Logic,9.42,Fun
Logic,10.76,Neutral
Logic,11.86,Neutral
Logic,13.82,Neutral
Logic,10.77,Fun
Logic,9.09,Neutral
Logic,12.03,Neutral
Logic,12.14,Neutral
Logic,12.31,Frustrating
Logic,12.79,Neutral
Logic,11.08,Neutral
Logic,8.61,Fun
Logic,10.77,Neutral
Logic,6.98,Fun
Logic,12.80,Neutral
Logic,11.51,Neutral
Logic,11.91,Neutral
Logic,10.82,Neutral
Logic,5.72,Fun
Logic,9.28,Fun
Logic,12.39,Neutral
Logic,9.95,Neutral
Logic,12.17,Neutral
Logic,8.62,Fun
Logic,11.02,Neutral
Logic,9.40,Fun
Logic,9.20,Fun
Logic,10.13,Neutral
Logic,13.93,Neutral
Logic,10.84,Fun
Logic,10.94,Neutral
Logic,13.68,Neutral
Logic,9.92,Fun
Logic,11.54,Fun
Logic,9.05,Fun
Logic,12.20,Neutral
Logic,7.81,Fun
Logic,10.39,Fun
Logic,12.76,Neutral
Logic,13.18,Neutral
Logic,10.33,Fun
Logic,5.72,Fun
Logic,13.79,Neutral
Logic,9.25,Fun
Logic,11.94,Neutral
Logic,7.11,Fun
Logic,9.61,Neutral
Logic,13.76,Neutral
Logic,11.19,Neutral
Logic,11.19,Neutral
Logic,12.30,Neutral
Logic,7.77,Fun
Logic,10.56,Fun
Logic,11.45,Fun
Logic,12.77,Neutral
Logic,8.88,Fun
Logic,10.97,Neutral
Logic,11.83,Neutral
Logic,17.93,Frustrating
Logic,13.68,Neutral
Logic,5.76,Fun
Logic,10.53,Neutral
Logic,10.88,Neutral
Logic,12.14,Neutral
